<?xml version="1.0" encoding="UTF-8"?>
<alto xmlns:xsi="http://www.w3.org/2001/XMLSchema-instance" xsi:noNamespaceSchemaLocation="http://www.bl.uk/schemas/alto/alto-1-4.xsd" xmlns:xlink="http://www.w3.org/1999/xlink">
	<Description>
		<MeasurementUnit>mm10</MeasurementUnit>
		<sourceImageInformation>
			<fileName>//head1/IN/2008-10/A0011321378/004727.jp2</fileName>
		</sourceImageInformation>
		<OCRProcessing ID="OCRPROCESSING_1">
			<preProcessingStep>
				<processingSoftware>
					<softwareCreator>CCS Content Conversion Specialists GmbH, Germany</softwareCreator>
					<softwareName>CCS docWORKS</softwareName>
					<softwareVersion>6.1-0.67</softwareVersion>
				</processingSoftware>
			</preProcessingStep>
			<ocrProcessingStep>
				<processingSoftware>
					<softwareCreator>ABBYY (BIT Software), Russia</softwareCreator>
					<softwareName>Finereader</softwareName>
				</processingSoftware>
			</ocrProcessingStep>
		</OCRProcessing>
	</Description>
	<Styles>
		<TextStyle ID="TXT_0" FONTSIZE="10" FONTFAMILY="Courier New"/>
		<TextStyle ID="TXT_1" FONTSIZE="11" FONTFAMILY="Courier New"/>
		<TextStyle ID="TXT_2" FONTSIZE="9" FONTFAMILY="Courier New"/>
		<ParagraphStyle ID="PAR_LEFT" ALIGN="Left"/>
		<ParagraphStyle ID="PAR_CENTER" ALIGN="Center"/>
		<ParagraphStyle ID="PAR_RIGHT" ALIGN="Right"/>
	</Styles>
	<Layout>
		<Page ID="P407" PHYSICAL_IMG_NR="407" HEIGHT="2357" WIDTH="1617" PRINTED_IMG_NR="391" POSITION="Right" ACCURACY="96.43">
			<TopMargin ID="P407_TM00001" HPOS="0" VPOS="0" WIDTH="1617" HEIGHT="139"/>
			<LeftMargin ID="P407_LM00001" HPOS="0" VPOS="139" WIDTH="68" HEIGHT="2013"/>
			<RightMargin ID="P407_RM00001" HPOS="1461" VPOS="139" WIDTH="156" HEIGHT="2013"/>
			<BottomMargin ID="P407_BM00001" HPOS="0" VPOS="2152" WIDTH="1617" HEIGHT="205">
				<TextBlock ID="P407_TB00001" HPOS="735" VPOS="2153" WIDTH="54" HEIGHT="28" STYLEREFS="TXT_0 PAR_LEFT">
					<TextLine ID="P407_TL00001" HPOS="735" VPOS="2153" WIDTH="54" HEIGHT="28">
						<String ID="P407_ST00001" HPOS="735" VPOS="2153" WIDTH="54" HEIGHT="28" CONTENT="391" WC="1.00" CC="000"/>
					</TextLine>
				</TextBlock>
			</BottomMargin>
			<PrintSpace ID="P407_PS00001" HPOS="68" VPOS="139" WIDTH="1397" HEIGHT="2013">
				<TextBlock ID="P407_TB00002" HPOS="612" VPOS="139" WIDTH="304" HEIGHT="30" STYLEREFS="TXT_1 PAR_CENTER">
					<TextLine ID="P407_TL00002" HPOS="613" VPOS="141" WIDTH="303" HEIGHT="28">
						<String ID="P407_ST00002" HPOS="613" VPOS="141" WIDTH="249" HEIGHT="28" CONTENT="APPENDIX" WC="0.89" CC="00400030"/>
						<SP ID="P407_SP00001" HPOS="862" VPOS="169" WIDTH="25"/>
						<String ID="P407_ST00003" HPOS="887" VPOS="141" WIDTH="29" HEIGHT="28" CONTENT="A" WC="1.00" CC="0"/>
					</TextLine>
				</TextBlock>
				<ComposedBlock ID="P407_CB00001" HPOS="49" VPOS="276" WIDTH="1416" HEIGHT="1816" TYPE="Table">
					<TextBlock ID="P407_TB00003" HPOS="522" VPOS="282" WIDTH="36" HEIGHT="17" STYLEREFS="TXT_0 PAR_LEFT">
						<TextLine ID="P407_TL00003" HPOS="522" VPOS="282" WIDTH="36" HEIGHT="17">
							<String ID="P407_ST00004" HPOS="522" VPOS="282" WIDTH="36" HEIGHT="17" CONTENT="Th." WC="0.17" CC="887"/>
						</TextLine>
					</TextBlock>
					<TextBlock ID="P407_TB00004" HPOS="561" VPOS="287" WIDTH="81" HEIGHT="47" STYLEREFS="TXT_2 PAR_LEFT">
						<TextLine ID="P407_TL00004" HPOS="561" VPOS="287" WIDTH="81" HEIGHT="13">
							<String ID="P407_ST00005" HPOS="561" VPOS="287" WIDTH="81" HEIGHT="13" CONTENT=":rmom&lt;" WC="0.43" CC="850586"/>
						</TextLine>
						<TextLine ID="P407_TL00005" HPOS="566" VPOS="309" WIDTH="72" HEIGHT="25">
							<String ID="P407_ST00006" HPOS="566" VPOS="309" WIDTH="72" HEIGHT="25" CONTENT="Fahr.)" WC="0.66" CC="568000"/>
						</TextLine>
					</TextBlock>
					<TextBlock ID="P407_TB00005" HPOS="645" VPOS="286" WIDTH="34" HEIGHT="14" STYLEREFS="TXT_0 PAR_LEFT">
						<TextLine ID="P407_TL00006" HPOS="645" VPOS="286" WIDTH="34" HEIGHT="14">
							<String ID="P407_ST00007" HPOS="645" VPOS="286" WIDTH="34" HEIGHT="14" CONTENT="in" WC="0.12" CC="88"/>
						</TextLine>
					</TextBlock>
					<TextBlock ID="P407_TB00006" HPOS="791" VPOS="296" WIDTH="67" HEIGHT="19" STYLEREFS="TXT_2 PAR_RIGHT">
						<TextLine ID="P407_TL00007" HPOS="791" VPOS="296" WIDTH="67" HEIGHT="19">
							<String ID="P407_ST00008" HPOS="791" VPOS="296" WIDTH="67" HEIGHT="19" CONTENT="Wind," WC="0.28" CC="87586"/>
						</TextLine>
					</TextBlock>
					<TextBlock ID="P407_TB00007" HPOS="103" VPOS="387" WIDTH="61" HEIGHT="21" STYLEREFS="TXT_2 PAR_LEFT">
						<TextLine ID="P407_TL00008" HPOS="103" VPOS="387" WIDTH="61" HEIGHT="21">
							<String ID="P407_ST00009" HPOS="103" VPOS="387" WIDTH="61" HEIGHT="21" CONTENT="Date." WC="0.80" CC="00530"/>
						</TextLine>
					</TextBlock>
					<TextBlock ID="P407_TB00008" HPOS="274" VPOS="370" WIDTH="146" HEIGHT="49" STYLEREFS="TXT_2 PAR_LEFT">
						<TextLine ID="P407_TL00009" HPOS="302" VPOS="370" WIDTH="96" HEIGHT="21">
							<String ID="P407_ST00010" HPOS="302" VPOS="370" WIDTH="61" HEIGHT="21" CONTENT="Place" WC="0.83" CC="60010"/>
							<SP ID="P407_SP00002" HPOS="363" VPOS="391" WIDTH="11"/>
							<String ID="P407_ST00011" HPOS="374" VPOS="370" WIDTH="24" HEIGHT="20" CONTENT="of" WC="0.93" CC="01"/>
						</TextLine>
						<TextLine ID="P407_TL00010" HPOS="274" VPOS="398" WIDTH="146" HEIGHT="21">
							<String ID="P407_ST00012" HPOS="274" VPOS="398" WIDTH="146" HEIGHT="21" CONTENT="Observation." WC="0.54" CC="304057707880"/>
						</TextLine>
					</TextBlock>
					<TextBlock ID="P407_TB00009" HPOS="948" VPOS="392" WIDTH="105" HEIGHT="20" STYLEREFS="TXT_2 PAR_RIGHT">
						<TextLine ID="P407_TL00011" HPOS="948" VPOS="392" WIDTH="105" HEIGHT="20">
							<String ID="P407_ST00013" HPOS="948" VPOS="392" WIDTH="105" HEIGHT="20" CONTENT="Weather." WC="0.80" CC="12020054"/>
						</TextLine>
					</TextBlock>
					<TextBlock ID="P407_TB00010" HPOS="1232" VPOS="391" WIDTH="108" HEIGHT="19" STYLEREFS="TXT_2 PAR_RIGHT">
						<TextLine ID="P407_TL00012" HPOS="1232" VPOS="391" WIDTH="108" HEIGHT="19">
							<String ID="P407_ST00014" HPOS="1232" VPOS="391" WIDTH="108" HEIGHT="19" CONTENT="Remarks." WC="0.50" CC="70760386"/>
						</TextLine>
					</TextBlock>
					<TextBlock ID="P407_TB00011" HPOS="509" VPOS="426" WIDTH="14" HEIGHT="44" STYLEREFS="TXT_2 PAR_LEFT">
						<TextLine ID="P407_TL00013" HPOS="510" VPOS="426" WIDTH="12" HEIGHT="22">
							<String ID="P407_ST00015" HPOS="510" VPOS="426" WIDTH="12" HEIGHT="22" CONTENT="B" WC="0.16" CC="8"/>
						</TextLine>
						<TextLine ID="P407_TL00014" HPOS="509" VPOS="458" WIDTH="14" HEIGHT="12">
							<String ID="P407_ST00016" HPOS="509" VPOS="458" WIDTH="14" HEIGHT="12" CONTENT="ed" WC="0.14" CC="88"/>
						</TextLine>
					</TextBlock>
					<TextBlock ID="P407_TB00012" HPOS="596" VPOS="421" WIDTH="20" HEIGHT="51" STYLEREFS="TXT_2 PAR_LEFT">
						<TextLine ID="P407_TL00015" HPOS="597" VPOS="421" WIDTH="11" HEIGHT="26">
							<String ID="P407_ST00017" HPOS="597" VPOS="421" WIDTH="11" HEIGHT="26" CONTENT="i" WC="0.22" CC="7"/>
						</TextLine>
						<TextLine ID="P407_TL00016" HPOS="596" VPOS="452" WIDTH="20" HEIGHT="20">
							<String ID="P407_ST00018" HPOS="596" VPOS="452" WIDTH="20" HEIGHT="20" CONTENT="d" WC="0.12" CC="8"/>
						</TextLine>
					</TextBlock>
					<TextBlock ID="P407_TB00013" HPOS="789" VPOS="409" WIDTH="14" HEIGHT="68" STYLEREFS="TXT_2 PAR_LEFT">
						<TextLine ID="P407_TL00017" HPOS="790" VPOS="409" WIDTH="13" HEIGHT="13">
							<String ID="P407_ST00019" HPOS="790" VPOS="409" WIDTH="13" HEIGHT="13" CONTENT="C" WC="0.14" CC="8"/>
						</TextLine>
						<TextLine ID="P407_TL00018" HPOS="789" VPOS="423" WIDTH="13" HEIGHT="13">
							<String ID="P407_ST00020" HPOS="789" VPOS="423" WIDTH="13" HEIGHT="13" CONTENT="o" WC="0.19" CC="8"/>
						</TextLine>
						<TextLine ID="P407_TL00019" HPOS="789" VPOS="454" WIDTH="14" HEIGHT="10">
							<String ID="P407_ST00021" HPOS="789" VPOS="454" WIDTH="14" HEIGHT="10" CONTENT="(J" WC="0.16" CC="88"/>
						</TextLine>
						<TextLine ID="P407_TL00020" HPOS="791" VPOS="466" WIDTH="11" HEIGHT="11">
							<String ID="P407_ST00022" HPOS="791" VPOS="466" WIDTH="11" HEIGHT="11" CONTENT="u" WC="0.17" CC="8"/>
						</TextLine>
					</TextBlock>
					<TextBlock ID="P407_TB00014" HPOS="870" VPOS="443" WIDTH="20" HEIGHT="54" STYLEREFS="TXT_2 PAR_LEFT">
						<TextLine ID="P407_TL00021" HPOS="877" VPOS="443" WIDTH="13" HEIGHT="10">
							<String ID="P407_ST00023" HPOS="877" VPOS="443" WIDTH="13" HEIGHT="10" CONTENT="(J" WC="0.18" CC="88"/>
						</TextLine>
						<TextLine ID="P407_TL00022" HPOS="878" VPOS="465" WIDTH="11" HEIGHT="13">
							<String ID="P407_ST00024" HPOS="878" VPOS="465" WIDTH="11" HEIGHT="13" CONTENT="0" WC="0.17" CC="8"/>
						</TextLine>
						<TextLine ID="P407_TL00023" HPOS="870" VPOS="480" WIDTH="18" HEIGHT="17">
							<String ID="P407_ST00025" HPOS="870" VPOS="480" WIDTH="18" HEIGHT="17" CONTENT="fe" WC="0.22" CC="77"/>
						</TextLine>
					</TextBlock>
					<TextBlock ID="P407_TB00015" HPOS="69" VPOS="584" WIDTH="101" HEIGHT="60" STYLEREFS="TXT_2 PAR_LEFT">
						<TextLine ID="P407_TL00024" HPOS="108" VPOS="584" WIDTH="57" HEIGHT="26">
							<String ID="P407_ST00026" HPOS="108" VPOS="584" WIDTH="57" HEIGHT="26" CONTENT="1895." WC="0.45" CC="57670"/>
						</TextLine>
						<TextLine ID="P407_TL00025" HPOS="69" VPOS="613" WIDTH="101" HEIGHT="31">
							<String ID="P407_ST00027" HPOS="69" VPOS="621" WIDTH="30" HEIGHT="23" CONTENT="30" WC="0.35" CC="57"/>
							<SP ID="P407_SP00003" HPOS="99" VPOS="644" WIDTH="14"/>
							<String ID="P407_ST00028" HPOS="113" VPOS="613" WIDTH="57" HEIGHT="31" CONTENT="July" WC="0.83" CC="0006"/>
						</TextLine>
					</TextBlock>
					<TextBlock ID="P407_TB00016" HPOS="247" VPOS="613" WIDTH="140" HEIGHT="23" STYLEREFS="TXT_2 PAR_LEFT">
						<TextLine ID="P407_TL00026" HPOS="247" VPOS="613" WIDTH="140" HEIGHT="23">
							<String ID="P407_ST00029" HPOS="247" VPOS="613" WIDTH="140" HEIGHT="23" CONTENT="In-chouan" WC="0.79" CC="051000064"/>
						</TextLine>
					</TextBlock>
					<TextBlock ID="P407_TB00017" HPOS="493" VPOS="613" WIDTH="42" HEIGHT="25" STYLEREFS="TXT_0 PAR_LEFT">
						<TextLine ID="P407_TL00027" HPOS="493" VPOS="613" WIDTH="42" HEIGHT="25">
							<String ID="P407_ST00030" HPOS="493" VPOS="613" WIDTH="42" HEIGHT="25" CONTENT="68°" WC="0.90" CC="200"/>
						</TextLine>
					</TextBlock>
					<TextBlock ID="P407_TB00018" HPOS="579" VPOS="613" WIDTH="43" HEIGHT="29" STYLEREFS="TXT_0 PAR_LEFT">
						<TextLine ID="P407_TL00028" HPOS="579" VPOS="613" WIDTH="43" HEIGHT="29">
							<String ID="P407_ST00031" HPOS="579" VPOS="613" WIDTH="43" HEIGHT="29" CONTENT="84°" WC="0.72" CC="035"/>
						</TextLine>
					</TextBlock>
					<TextBlock ID="P407_TB00019" HPOS="666" VPOS="613" WIDTH="41" HEIGHT="33" STYLEREFS="TXT_0 PAR_LEFT">
						<TextLine ID="P407_TL00029" HPOS="666" VPOS="613" WIDTH="41" HEIGHT="33">
							<String ID="P407_ST00032" HPOS="666" VPOS="613" WIDTH="41" HEIGHT="33" CONTENT="75°" WC="0.77" CC="500"/>
						</TextLine>
					</TextBlock>
					<TextBlock ID="P407_TB00020" HPOS="970" VPOS="615" WIDTH="61" HEIGHT="24" STYLEREFS="TXT_2 PAR_RIGHT">
						<TextLine ID="P407_TL00030" HPOS="970" VPOS="615" WIDTH="61" HEIGHT="24">
							<String ID="P407_ST00033" HPOS="970" VPOS="615" WIDTH="61" HEIGHT="24" CONTENT="Fair." WC="0.76" CC="06310"/>
						</TextLine>
					</TextBlock>
					<TextBlock ID="P407_TB00021" HPOS="1111" VPOS="613" WIDTH="351" HEIGHT="1370" STYLEREFS="TXT_2 PAR_LEFT">
						<TextLine ID="P407_TL00031" HPOS="1111" VPOS="613" WIDTH="346" HEIGHT="33">
							<String ID="P407_ST00034" HPOS="1111" VPOS="615" WIDTH="13" HEIGHT="23" CONTENT="6" WC="1.00" CC="0"/>
							<SP ID="P407_SP00004" HPOS="1124" VPOS="638" WIDTH="10"/>
							<String ID="P407_ST00035" HPOS="1134" VPOS="623" WIDTH="42" HEIGHT="21" CONTENT="m.;" WC="0.76" CC="006"/>
							<SP ID="P407_SP00005" HPOS="1176" VPOS="644" WIDTH="11"/>
							<String ID="P407_ST00036" HPOS="1187" VPOS="623" WIDTH="11" HEIGHT="14" CONTENT="2" WC="0.81" CC="1"/>
							<SP ID="P407_SP00006" HPOS="1198" VPOS="644" WIDTH="5"/>
							<String ID="P407_ST00037" HPOS="1203" VPOS="613" WIDTH="14" HEIGHT="33" CONTENT="\" WC="0.14" CC="8"/>
							<SP ID="P407_SP00007" HPOS="1217" VPOS="646" WIDTH="9"/>
							<String ID="P407_ST00038" HPOS="1226" VPOS="614" WIDTH="82" HEIGHT="24" CONTENT="hours." WC="0.89" CC="000060"/>
							<SP ID="P407_SP00008" HPOS="1308" VPOS="646" WIDTH="23"/>
							<String ID="P407_ST00039" HPOS="1331" VPOS="615" WIDTH="126" HEIGHT="23" CONTENT="Torrents." WC="0.91" CC="000003400"/>
						</TextLine>
						<TextLine ID="P407_TL00032" HPOS="1145" VPOS="649" WIDTH="140" HEIGHT="30">
							<String ID="P407_ST00040" HPOS="1145" VPOS="649" WIDTH="140" HEIGHT="30" CONTENT="Lamasjen." WC="0.82" CC="450002020"/>
						</TextLine>
						<TextLine ID="P407_TL00033" HPOS="1113" VPOS="684" WIDTH="348" HEIGHT="30">
							<String ID="P407_ST00041" HPOS="1113" VPOS="691" WIDTH="85" HEIGHT="23" CONTENT="13m.;" WC="0.83" CC="05003"/>
							<SP ID="P407_SP00009" HPOS="1198" VPOS="714" WIDTH="19"/>
							<String ID="P407_ST00042" HPOS="1217" VPOS="692" WIDTH="31" HEIGHT="22" CONTENT="4-5" WC="0.54" CC="058"/>
							<SP ID="P407_SP00010" HPOS="1248" VPOS="714" WIDTH="20"/>
							<String ID="P407_ST00043" HPOS="1268" VPOS="684" WIDTH="47" HEIGHT="23" CONTENT="hrs." WC="0.95" CC="0001"/>
							<SP ID="P407_SP00011" HPOS="1315" VPOS="714" WIDTH="39"/>
							<String ID="P407_ST00044" HPOS="1354" VPOS="684" WIDTH="36" HEIGHT="30" CONTENT="By" WC="0.83" CC="30"/>
							<SP ID="P407_SP00012" HPOS="1390" VPOS="714" WIDTH="13"/>
							<String ID="P407_ST00045" HPOS="1403" VPOS="684" WIDTH="58" HEIGHT="23" CONTENT="Tat-" WC="0.81" CC="0015"/>
						</TextLine>
						<TextLine ID="P407_TL00034" HPOS="1144" VPOS="717" WIDTH="317" HEIGHT="32">
							<String ID="P407_ST00046" HPOS="1144" VPOS="725" WIDTH="46" HEIGHT="16" CONTENT="sou" WC="0.97" CC="000"/>
							<SP ID="P407_SP00013" HPOS="1190" VPOS="741" WIDTH="17"/>
							<String ID="P407_ST00047" HPOS="1207" VPOS="717" WIDTH="133" HEIGHT="32" CONTENT="(Lissous)." WC="0.78" CC="2500310260"/>
							<SP ID="P407_SP00014" HPOS="1340" VPOS="749" WIDTH="37"/>
							<String ID="P407_ST00048" HPOS="1377" VPOS="718" WIDTH="84" HEIGHT="23" CONTENT="Three" WC="0.92" CC="03000"/>
						</TextLine>
						<TextLine ID="P407_TL00035" HPOS="1143" VPOS="752" WIDTH="318" HEIGHT="32">
							<String ID="P407_ST00049" HPOS="1143" VPOS="752" WIDTH="66" HEIGHT="32" CONTENT="large" WC="0.81" CC="54000"/>
							<SP ID="P407_SP00015" HPOS="1209" VPOS="784" WIDTH="19"/>
							<String ID="P407_ST00050" HPOS="1228" VPOS="756" WIDTH="112" HEIGHT="20" CONTENT="torrents." WC="0.90" CC="000005030"/>
							<SP ID="P407_SP00016" HPOS="1340" VPOS="784" WIDTH="39"/>
							<String ID="P407_ST00051" HPOS="1379" VPOS="752" WIDTH="82" HEIGHT="31" CONTENT="Camp" WC="0.88" CC="0400"/>
						</TextLine>
						<TextLine ID="P407_TL00036" HPOS="1145" VPOS="786" WIDTH="201" HEIGHT="31">
							<String ID="P407_ST00052" HPOS="1145" VPOS="787" WIDTH="22" HEIGHT="23" CONTENT="S." WC="1.00" CC="00"/>
							<SP ID="P407_SP00017" HPOS="1167" VPOS="810" WIDTH="16"/>
							<String ID="P407_ST00053" HPOS="1183" VPOS="786" WIDTH="163" HEIGHT="31" CONTENT="(Lamasjen)." WC="0.83" CC="60004200030"/>
						</TextLine>
						<TextLine ID="P407_TL00037" HPOS="1113" VPOS="819" WIDTH="348" HEIGHT="33">
							<String ID="P407_ST00054" HPOS="1113" VPOS="829" WIDTH="86" HEIGHT="21" CONTENT="12m.;" WC="0.92" CC="03000"/>
							<SP ID="P407_SP00018" HPOS="1199" VPOS="850" WIDTH="11"/>
							<String ID="P407_ST00055" HPOS="1210" VPOS="819" WIDTH="32" HEIGHT="33" CONTENT="4^" WC="0.60" CC="08"/>
							<SP ID="P407_SP00019" HPOS="1242" VPOS="852" WIDTH="10"/>
							<String ID="P407_ST00056" HPOS="1252" VPOS="821" WIDTH="48" HEIGHT="24" CONTENT="hrs." WC="0.89" CC="0003"/>
							<SP ID="P407_SP00020" HPOS="1300" VPOS="852" WIDTH="34"/>
							<String ID="P407_ST00057" HPOS="1334" VPOS="821" WIDTH="127" HEIGHT="24" CONTENT="Followed" WC="0.83" CC="20100800"/>
						</TextLine>
						<TextLine ID="P407_TL00038" HPOS="1145" VPOS="855" WIDTH="316" HEIGHT="31">
							<String ID="P407_ST00058" HPOS="1145" VPOS="855" WIDTH="72" HEIGHT="23" CONTENT="brink" WC="0.92" CC="00030"/>
							<SP ID="P407_SP00021" HPOS="1217" VPOS="878" WIDTH="20"/>
							<String ID="P407_ST00059" HPOS="1237" VPOS="856" WIDTH="28" HEIGHT="22" CONTENT="of" WC="1.00" CC="00"/>
							<SP ID="P407_SP00022" HPOS="1265" VPOS="878" WIDTH="16"/>
							<String ID="P407_ST00060" HPOS="1281" VPOS="855" WIDTH="114" HEIGHT="31" CONTENT="Mekong" WC="0.95" CC="000020"/>
							<SP ID="P407_SP00023" HPOS="1395" VPOS="886" WIDTH="17"/>
							<String ID="P407_ST00061" HPOS="1412" VPOS="862" WIDTH="49" HEIGHT="16" CONTENT="one" WC="1.00" CC="000"/>
						</TextLine>
						<TextLine ID="P407_TL00039" HPOS="1145" VPOS="889" WIDTH="316" HEIGHT="25">
							<String ID="P407_ST00062" HPOS="1145" VPOS="889" WIDTH="70" HEIGHT="24" CONTENT="hour." WC="0.93" CC="00003"/>
							<SP ID="P407_SP00024" HPOS="1215" VPOS="913" WIDTH="50"/>
							<String ID="P407_ST00063" HPOS="1265" VPOS="889" WIDTH="110" HEIGHT="25" CONTENT="Crossed" WC="0.98" CC="0010000"/>
							<SP ID="P407_SP00025" HPOS="1375" VPOS="914" WIDTH="24"/>
							<String ID="P407_ST00064" HPOS="1399" VPOS="889" WIDTH="62" HEIGHT="23" CONTENT="river" WC="0.94" CC="00300"/>
						</TextLine>
						<TextLine ID="P407_TL00040" HPOS="1145" VPOS="923" WIDTH="314" HEIGHT="32">
							<String ID="P407_ST00065" HPOS="1145" VPOS="923" WIDTH="108" HEIGHT="32" CONTENT="midday." WC="0.78" CC="0300343"/>
							<SP ID="P407_SP00026" HPOS="1253" VPOS="955" WIDTH="62"/>
							<String ID="P407_ST00066" HPOS="1315" VPOS="924" WIDTH="37" HEIGHT="31" CONTENT="By" WC="0.63" CC="70"/>
							<SP ID="P407_SP00027" HPOS="1352" VPOS="955" WIDTH="31"/>
							<String ID="P407_ST00067" HPOS="1383" VPOS="923" WIDTH="76" HEIGHT="24" CONTENT="Petia." WC="0.89" CC="500010"/>
						</TextLine>
						<TextLine ID="P407_TL00041" HPOS="1147" VPOS="958" WIDTH="313" HEIGHT="31">
							<String ID="P407_ST00068" HPOS="1147" VPOS="958" WIDTH="77" HEIGHT="31" CONTENT="Large" WC="0.89" CC="05000"/>
							<SP ID="P407_SP00028" HPOS="1224" VPOS="989" WIDTH="34"/>
							<String ID="P407_ST00069" HPOS="1258" VPOS="962" WIDTH="100" HEIGHT="20" CONTENT="torrent." WC="0.97" CC="00000100"/>
							<SP ID="P407_SP00029" HPOS="1358" VPOS="989" WIDTH="72"/>
							<String ID="P407_ST00070" HPOS="1430" VPOS="958" WIDTH="30" HEIGHT="23" CONTENT="T." WC="0.89" CC="02"/>
						</TextLine>
						<TextLine ID="P407_TL00042" HPOS="1146" VPOS="991" WIDTH="163" HEIGHT="32">
							<String ID="P407_ST00071" HPOS="1146" VPOS="991" WIDTH="163" HEIGHT="32" CONTENT="(Lamasjen)." WC="0.95" CC="00000050000"/>
						</TextLine>
						<TextLine ID="P407_TL00043" HPOS="1111" VPOS="1027" WIDTH="350" HEIGHT="31">
							<String ID="P407_ST00072" HPOS="1111" VPOS="1027" WIDTH="118" HEIGHT="31" CONTENT="Crossing" WC="0.85" CC="00031600"/>
							<SP ID="P407_SP00030" HPOS="1229" VPOS="1058" WIDTH="13"/>
							<String ID="P407_ST00073" HPOS="1242" VPOS="1031" WIDTH="107" HEIGHT="19" CONTENT="torrents" WC="0.91" CC="01100002"/>
							<SP ID="P407_SP00031" HPOS="1349" VPOS="1058" WIDTH="13"/>
							<String ID="P407_ST00074" HPOS="1362" VPOS="1027" WIDTH="31" HEIGHT="22" CONTENT="all" WC="0.75" CC="402"/>
							<SP ID="P407_SP00032" HPOS="1393" VPOS="1058" WIDTH="13"/>
							<String ID="P407_ST00075" HPOS="1406" VPOS="1027" WIDTH="55" HEIGHT="30" CONTENT="day." WC="0.90" CC="0400"/>
						</TextLine>
						<TextLine ID="P407_TL00044" HPOS="1146" VPOS="1060" WIDTH="316" HEIGHT="32">
							<String ID="P407_ST00076" HPOS="1146" VPOS="1062" WIDTH="13" HEIGHT="22" CONTENT="8" WC="0.77" CC="2"/>
							<SP ID="P407_SP00033" HPOS="1159" VPOS="1084" WIDTH="10"/>
							<String ID="P407_ST00077" HPOS="1169" VPOS="1069" WIDTH="42" HEIGHT="21" CONTENT="m.;" WC="0.78" CC="006"/>
							<SP ID="P407_SP00034" HPOS="1211" VPOS="1090" WIDTH="10"/>
							<String ID="P407_ST00078" HPOS="1221" VPOS="1060" WIDTH="30" HEIGHT="32" CONTENT="3^" WC="0.39" CC="48"/>
							<SP ID="P407_SP00035" HPOS="1251" VPOS="1092" WIDTH="10"/>
							<String ID="P407_ST00079" HPOS="1261" VPOS="1061" WIDTH="47" HEIGHT="23" CONTENT="hrs." WC="0.97" CC="0000"/>
							<SP ID="P407_SP00036" HPOS="1308" VPOS="1092" WIDTH="20"/>
							<String ID="P407_ST00080" HPOS="1328" VPOS="1060" WIDTH="134" HEIGHT="31" CONTENT="ByHesel-" WC="0.88" CC="70002000"/>
						</TextLine>
						<TextLine ID="P407_TL00045" HPOS="1146" VPOS="1094" WIDTH="316" HEIGHT="32">
							<String ID="P407_ST00081" HPOS="1146" VPOS="1103" WIDTH="48" HEIGHT="16" CONTENT="eou" WC="0.89" CC="002"/>
							<SP ID="P407_SP00037" HPOS="1194" VPOS="1119" WIDTH="36"/>
							<String ID="P407_ST00082" HPOS="1230" VPOS="1094" WIDTH="132" HEIGHT="32" CONTENT="(Lissous)," WC="0.87" CC="0010020070"/>
							<SP ID="P407_SP00038" HPOS="1362" VPOS="1126" WIDTH="34"/>
							<String ID="P407_ST00083" HPOS="1396" VPOS="1095" WIDTH="66" HEIGHT="23" CONTENT="Tolo" WC="0.85" CC="0050"/>
						</TextLine>
						<TextLine ID="P407_TL00046" HPOS="1146" VPOS="1129" WIDTH="162" HEIGHT="31">
							<String ID="P407_ST00084" HPOS="1146" VPOS="1129" WIDTH="162" HEIGHT="31" CONTENT="(Lamasjen)." WC="0.89" CC="00300030013"/>
						</TextLine>
						<TextLine ID="P407_TL00047" HPOS="1114" VPOS="1163" WIDTH="348" HEIGHT="30">
							<String ID="P407_ST00085" HPOS="1114" VPOS="1172" WIDTH="26" HEIGHT="15" CONTENT="11" WC="1.00" CC="00"/>
							<SP ID="P407_SP00039" HPOS="1140" VPOS="1187" WIDTH="12"/>
							<String ID="P407_ST00086" HPOS="1152" VPOS="1172" WIDTH="43" HEIGHT="21" CONTENT="m.;" WC="0.96" CC="001"/>
							<SP ID="P407_SP00040" HPOS="1195" VPOS="1193" WIDTH="8"/>
							<String ID="P407_ST00087" HPOS="1203" VPOS="1172" WIDTH="15" HEIGHT="21" CONTENT="4" WC="1.00" CC="0"/>
							<SP ID="P407_SP00041" HPOS="1218" VPOS="1193" WIDTH="9"/>
							<String ID="P407_ST00088" HPOS="1227" VPOS="1164" WIDTH="47" HEIGHT="23" CONTENT="hrs." WC="0.97" CC="0000"/>
							<SP ID="P407_SP00042" HPOS="1274" VPOS="1193" WIDTH="19"/>
							<String ID="P407_ST00089" HPOS="1293" VPOS="1164" WIDTH="54" HEIGHT="23" CONTENT="Bad" WC="0.80" CC="320"/>
							<SP ID="P407_SP00043" HPOS="1347" VPOS="1193" WIDTH="9"/>
							<String ID="P407_ST00090" HPOS="1356" VPOS="1163" WIDTH="106" HEIGHT="24" CONTENT="wooden" WC="0.98" CC="000000"/>
						</TextLine>
						<TextLine ID="P407_TL00048" HPOS="1146" VPOS="1198" WIDTH="316" HEIGHT="32">
							<String ID="P407_ST00091" HPOS="1146" VPOS="1198" WIDTH="86" HEIGHT="32" CONTENT="bridge" WC="0.98" CC="001000"/>
							<SP ID="P407_SP00044" HPOS="1232" VPOS="1230" WIDTH="19"/>
							<String ID="P407_ST00092" HPOS="1251" VPOS="1205" WIDTH="59" HEIGHT="16" CONTENT="over" WC="0.99" CC="0000"/>
							<SP ID="P407_SP00045" HPOS="1310" VPOS="1230" WIDTH="18"/>
							<String ID="P407_ST00093" HPOS="1328" VPOS="1198" WIDTH="66" HEIGHT="31" CONTENT="large" WC="1.00" CC="00000"/>
							<SP ID="P407_SP00046" HPOS="1394" VPOS="1230" WIDTH="21"/>
							<String ID="P407_ST00094" HPOS="1415" VPOS="1202" WIDTH="47" HEIGHT="19" CONTENT="tor-" WC="0.85" CC="0006"/>
						</TextLine>
						<TextLine ID="P407_TL00049" HPOS="1146" VPOS="1232" WIDTH="316" HEIGHT="32">
							<String ID="P407_ST00095" HPOS="1146" VPOS="1237" WIDTH="60" HEIGHT="19" CONTENT="rent." WC="0.78" CC="00145"/>
							<SP ID="P407_SP00047" HPOS="1206" VPOS="1256" WIDTH="34"/>
							<String ID="P407_ST00096" HPOS="1240" VPOS="1232" WIDTH="72" HEIGHT="32" CONTENT="Long" WC="0.88" CC="0040"/>
							<SP ID="P407_SP00048" HPOS="1312" VPOS="1264" WIDTH="12"/>
							<String ID="P407_ST00097" HPOS="1324" VPOS="1240" WIDTH="58" HEIGHT="23" CONTENT="very" WC="1.00" CC="0000"/>
							<SP ID="P407_SP00049" HPOS="1382" VPOS="1264" WIDTH="10"/>
							<String ID="P407_ST00098" HPOS="1392" VPOS="1237" WIDTH="70" HEIGHT="26" CONTENT="steep" WC="0.97" CC="00001"/>
						</TextLine>
						<TextLine ID="P407_TL00050" HPOS="1146" VPOS="1266" WIDTH="316" HEIGHT="31">
							<String ID="P407_ST00099" HPOS="1146" VPOS="1266" WIDTH="75" HEIGHT="24" CONTENT="climb" WC="0.89" CC="02200"/>
							<SP ID="P407_SP00050" HPOS="1221" VPOS="1290" WIDTH="27"/>
							<String ID="P407_ST00100" HPOS="1248" VPOS="1270" WIDTH="27" HEIGHT="20" CONTENT="to" WC="1.00" CC="00"/>
							<SP ID="P407_SP00051" HPOS="1275" VPOS="1290" WIDTH="31"/>
							<String ID="P407_ST00101" HPOS="1306" VPOS="1270" WIDTH="69" HEIGHT="20" CONTENT="crest." WC="0.90" CC="000005"/>
							<SP ID="P407_SP00052" HPOS="1375" VPOS="1290" WIDTH="51"/>
							<String ID="P407_ST00102" HPOS="1426" VPOS="1266" WIDTH="36" HEIGHT="31" CONTENT="By" WC="0.80" CC="30"/>
						</TextLine>
						<TextLine ID="P407_TL00051" HPOS="1146" VPOS="1300" WIDTH="314" HEIGHT="31">
							<String ID="P407_ST00103" HPOS="1146" VPOS="1301" WIDTH="69" HEIGHT="24" CONTENT="Tsiki" WC="0.88" CC="04100"/>
							<SP ID="P407_SP00053" HPOS="1215" VPOS="1325" WIDTH="20"/>
							<String ID="P407_ST00104" HPOS="1235" VPOS="1300" WIDTH="125" HEIGHT="31" CONTENT="(Lissous)" WC="0.94" CC="300000000"/>
							<SP ID="P407_SP00054" HPOS="1360" VPOS="1331" WIDTH="19"/>
							<String ID="P407_ST00105" HPOS="1379" VPOS="1305" WIDTH="27" HEIGHT="19" CONTENT="to" WC="1.00" CC="00"/>
							<SP ID="P407_SP00055" HPOS="1406" VPOS="1331" WIDTH="19"/>
							<String ID="P407_ST00106" HPOS="1425" VPOS="1301" WIDTH="35" HEIGHT="28" CONTENT="F.," WC="0.98" CC="000"/>
						</TextLine>
						<TextLine ID="P407_TL00052" HPOS="1146" VPOS="1334" WIDTH="316" HEIGHT="32">
							<String ID="P407_ST00107" HPOS="1146" VPOS="1336" WIDTH="66" HEIGHT="30" CONTENT="large" WC="0.91" CC="20100"/>
							<SP ID="P407_SP00056" HPOS="1212" VPOS="1366" WIDTH="12"/>
							<String ID="P407_ST00108" HPOS="1224" VPOS="1335" WIDTH="88" HEIGHT="31" CONTENT="village" WC="0.86" CC="0203300"/>
							<SP ID="P407_SP00057" HPOS="1312" VPOS="1366" WIDTH="13"/>
							<String ID="P407_ST00109" HPOS="1325" VPOS="1343" WIDTH="59" HEIGHT="16" CONTENT="near" WC="0.96" CC="1000"/>
							<SP ID="P407_SP00058" HPOS="1384" VPOS="1366" WIDTH="16"/>
							<String ID="P407_ST00110" HPOS="1400" VPOS="1334" WIDTH="62" HEIGHT="25" CONTENT="river" WC="0.95" CC="02000"/>
						</TextLine>
						<TextLine ID="P407_TL00053" HPOS="1147" VPOS="1369" WIDTH="315" HEIGHT="32">
							<String ID="P407_ST00111" HPOS="1147" VPOS="1369" WIDTH="144" HEIGHT="32" CONTENT="(Lamasjen" WC="0.92" CC="000010005"/>
							<SP ID="P407_SP00059" HPOS="1291" VPOS="1401" WIDTH="22"/>
							<String ID="P407_ST00112" HPOS="1313" VPOS="1370" WIDTH="51" HEIGHT="23" CONTENT="and" WC="0.56" CC="326"/>
							<SP ID="P407_SP00060" HPOS="1364" VPOS="1401" WIDTH="18"/>
							<String ID="P407_ST00113" HPOS="1382" VPOS="1377" WIDTH="14" HEIGHT="15" CONTENT="a" WC="1.00" CC="0"/>
							<SP ID="P407_SP00061" HPOS="1396" VPOS="1401" WIDTH="21"/>
							<String ID="P407_ST00114" HPOS="1417" VPOS="1370" WIDTH="45" HEIGHT="22" CONTENT="few" WC="0.94" CC="001"/>
						</TextLine>
						<TextLine ID="P407_TL00054" HPOS="1147" VPOS="1403" WIDTH="127" HEIGHT="32">
							<String ID="P407_ST00115" HPOS="1147" VPOS="1403" WIDTH="127" HEIGHT="32" CONTENT="Chinese)." WC="0.89" CC="006100010"/>
						</TextLine>
						<TextLine ID="P407_TL00055" HPOS="1113" VPOS="1439" WIDTH="67" HEIGHT="22">
							<String ID="P407_ST00116" HPOS="1113" VPOS="1439" WIDTH="67" HEIGHT="22" CONTENT="Halt." WC="0.78" CC="26020"/>
						</TextLine>
						<TextLine ID="P407_TL00056" HPOS="1113" VPOS="1471" WIDTH="349" HEIGHT="33">
							<String ID="P407_ST00117" HPOS="1113" VPOS="1474" WIDTH="13" HEIGHT="22" CONTENT="6" WC="1.00" CC="0"/>
							<SP ID="P407_SP00062" HPOS="1126" VPOS="1496" WIDTH="22"/>
							<String ID="P407_ST00118" HPOS="1148" VPOS="1480" WIDTH="43" HEIGHT="21" CONTENT="m.;" WC="0.95" CC="010"/>
							<SP ID="P407_SP00063" HPOS="1191" VPOS="1501" WIDTH="27"/>
							<String ID="P407_ST00119" HPOS="1218" VPOS="1471" WIDTH="28" HEIGHT="33" CONTENT="if" WC="0.49" CC="18"/>
							<SP ID="P407_SP00064" HPOS="1246" VPOS="1504" WIDTH="21"/>
							<String ID="P407_ST00120" HPOS="1267" VPOS="1473" WIDTH="34" HEIGHT="23" CONTENT="hr." WC="0.90" CC="003"/>
							<SP ID="P407_SP00065" HPOS="1301" VPOS="1504" WIDTH="39"/>
							<String ID="P407_ST00121" HPOS="1340" VPOS="1473" WIDTH="70" HEIGHT="30" CONTENT="Kept" WC="0.78" CC="4040"/>
							<SP ID="P407_SP00066" HPOS="1410" VPOS="1504" WIDTH="18"/>
							<String ID="P407_ST00122" HPOS="1428" VPOS="1480" WIDTH="34" HEIGHT="16" CONTENT="on" WC="1.00" CC="00"/>
						</TextLine>
						<TextLine ID="P407_TL00057" HPOS="1145" VPOS="1507" WIDTH="315" HEIGHT="31">
							<String ID="P407_ST00123" HPOS="1145" VPOS="1514" WIDTH="60" HEIGHT="16" CONTENT="near" WC="1.00" CC="0000"/>
							<SP ID="P407_SP00067" HPOS="1205" VPOS="1530" WIDTH="36"/>
							<String ID="P407_ST00124" HPOS="1241" VPOS="1507" WIDTH="115" HEIGHT="31" CONTENT="Mekong" WC="0.90" CC="000050"/>
							<SP ID="P407_SP00068" HPOS="1356" VPOS="1538" WIDTH="29"/>
							<String ID="P407_ST00125" HPOS="1385" VPOS="1507" WIDTH="75" HEIGHT="23" CONTENT="bank." WC="0.75" CC="00470"/>
						</TextLine>
						<TextLine ID="P407_TL00058" HPOS="1147" VPOS="1541" WIDTH="314" HEIGHT="31">
							<String ID="P407_ST00126" HPOS="1147" VPOS="1541" WIDTH="84" HEIGHT="24" CONTENT="Route" WC="0.91" CC="40000"/>
							<SP ID="P407_SP00069" HPOS="1231" VPOS="1565" WIDTH="21"/>
							<String ID="P407_ST00127" HPOS="1252" VPOS="1549" WIDTH="59" HEIGHT="23" CONTENT="very" WC="0.96" CC="0000"/>
							<SP ID="P407_SP00070" HPOS="1311" VPOS="1572" WIDTH="18"/>
							<String ID="P407_ST00128" HPOS="1329" VPOS="1541" WIDTH="57" HEIGHT="23" CONTENT="bad." WC="1.00" CC="0000"/>
							<SP ID="P407_SP00071" HPOS="1386" VPOS="1572" WIDTH="39"/>
							<String ID="P407_ST00129" HPOS="1425" VPOS="1541" WIDTH="36" HEIGHT="31" CONTENT="By" WC="0.58" CC="70"/>
						</TextLine>
						<TextLine ID="P407_TL00059" HPOS="1145" VPOS="1570" WIDTH="316" HEIGHT="37">
							<String ID="P407_ST00130" HPOS="1145" VPOS="1575" WIDTH="97" HEIGHT="32" CONTENT="Tsipou" WC="0.97" CC="001000"/>
							<SP ID="P407_SP00072" HPOS="1242" VPOS="1607" WIDTH="37"/>
							<String ID="P407_ST00131" HPOS="1279" VPOS="1570" WIDTH="124" HEIGHT="37" CONTENT="(Lissous)" WC="0.83" CC="580100000"/>
							<SP ID="P407_SP00073" HPOS="1403" VPOS="1607" WIDTH="32"/>
							<String ID="P407_ST00132" HPOS="1435" VPOS="1579" WIDTH="26" HEIGHT="19" CONTENT="to" WC="0.95" CC="00"/>
						</TextLine>
						<TextLine ID="P407_TL00060" HPOS="1145" VPOS="1609" WIDTH="315" HEIGHT="32">
							<String ID="P407_ST00133" HPOS="1145" VPOS="1618" WIDTH="73" HEIGHT="23" CONTENT="camp" WC="0.85" CC="0104"/>
							<SP ID="P407_SP00074" HPOS="1218" VPOS="1641" WIDTH="44"/>
							<String ID="P407_ST00134" HPOS="1262" VPOS="1609" WIDTH="87" HEIGHT="25" CONTENT="beside" WC="0.93" CC="300000"/>
							<SP ID="P407_SP00075" HPOS="1349" VPOS="1641" WIDTH="43"/>
							<String ID="P407_ST00135" HPOS="1392" VPOS="1609" WIDTH="68" HEIGHT="24" CONTENT="river." WC="0.84" CC="000043"/>
						</TextLine>
						<TextLine ID="P407_TL00061" HPOS="1145" VPOS="1643" WIDTH="244" HEIGHT="32">
							<String ID="P407_ST00136" HPOS="1145" VPOS="1644" WIDTH="65" HEIGHT="24" CONTENT="Sian." WC="0.87" CC="00204"/>
							<SP ID="P407_SP00076" HPOS="1210" VPOS="1668" WIDTH="16"/>
							<String ID="P407_ST00137" HPOS="1226" VPOS="1643" WIDTH="163" HEIGHT="32" CONTENT="(Lamasjen)." WC="0.86" CC="10000000264"/>
						</TextLine>
						<TextLine ID="P407_TL00062" HPOS="1112" VPOS="1679" WIDTH="350" HEIGHT="31">
							<String ID="P407_ST00138" HPOS="1112" VPOS="1686" WIDTH="12" HEIGHT="24" CONTENT="5" WC="1.00" CC="0"/>
							<SP ID="P407_SP00077" HPOS="1124" VPOS="1710" WIDTH="12"/>
							<String ID="P407_ST00139" HPOS="1136" VPOS="1687" WIDTH="44" HEIGHT="21" CONTENT="m.;" WC="0.73" CC="007"/>
							<SP ID="P407_SP00078" HPOS="1180" VPOS="1710" WIDTH="11"/>
							<String ID="P407_ST00140" HPOS="1191" VPOS="1687" WIDTH="11" HEIGHT="14" CONTENT="2" WC="0.38" CC="6"/>
							<SP ID="P407_SP00079" HPOS="1202" VPOS="1710" WIDTH="13"/>
							<String ID="P407_ST00141" HPOS="1215" VPOS="1679" WIDTH="48" HEIGHT="23" CONTENT="hrs." WC="0.97" CC="1000"/>
							<SP ID="P407_SP00080" HPOS="1263" VPOS="1710" WIDTH="21"/>
							<String ID="P407_ST00142" HPOS="1284" VPOS="1679" WIDTH="113" HEIGHT="23" CONTENT="Torrent." WC="0.92" CC="00210200"/>
							<SP ID="P407_SP00081" HPOS="1397" VPOS="1710" WIDTH="28"/>
							<String ID="P407_ST00143" HPOS="1425" VPOS="1679" WIDTH="37" HEIGHT="30" CONTENT="By" WC="0.43" CC="37"/>
						</TextLine>
						<TextLine ID="P407_TL00063" HPOS="1146" VPOS="1707" WIDTH="314" HEIGHT="37">
							<String ID="P407_ST00144" HPOS="1146" VPOS="1714" WIDTH="115" HEIGHT="23" CONTENT="Poumeu" WC="0.84" CC="700002"/>
							<SP ID="P407_SP00082" HPOS="1261" VPOS="1737" WIDTH="68"/>
							<String ID="P407_ST00145" HPOS="1329" VPOS="1707" WIDTH="131" HEIGHT="37" CONTENT="(Lissous)." WC="0.86" CC="0000000183"/>
						</TextLine>
						<TextLine ID="P407_TL00064" HPOS="1146" VPOS="1747" WIDTH="316" HEIGHT="31">
							<String ID="P407_ST00146" HPOS="1146" VPOS="1747" WIDTH="115" HEIGHT="31" CONTENT="Camped" WC="1.00" CC="000000"/>
							<SP ID="P407_SP00083" HPOS="1261" VPOS="1778" WIDTH="24"/>
							<String ID="P407_ST00147" HPOS="1285" VPOS="1747" WIDTH="25" HEIGHT="24" CONTENT="in" WC="0.92" CC="10"/>
							<SP ID="P407_SP00084" HPOS="1310" VPOS="1778" WIDTH="22"/>
							<String ID="P407_ST00148" HPOS="1332" VPOS="1747" WIDTH="74" HEIGHT="24" CONTENT="wood" WC="0.78" CC="8000"/>
							<SP ID="P407_SP00085" HPOS="1406" VPOS="1778" WIDTH="24"/>
							<String ID="P407_ST00149" HPOS="1430" VPOS="1747" WIDTH="32" HEIGHT="31" CONTENT="by" WC="1.00" CC="00"/>
						</TextLine>
						<TextLine ID="P407_TL00065" HPOS="1146" VPOS="1782" WIDTH="264" HEIGHT="31">
							<String ID="P407_ST00150" HPOS="1146" VPOS="1782" WIDTH="62" HEIGHT="24" CONTENT="river" WC="1.00" CC="00000"/>
							<String ID="P407_ST00151" HPOS="1217" VPOS="1790" WIDTH="7" HEIGHT="22" CONTENT=";" WC="0.23" CC="7"/>
							<SP ID="P407_SP00086" HPOS="1224" VPOS="1812" WIDTH="18"/>
							<String ID="P407_ST00152" HPOS="1242" VPOS="1782" WIDTH="51" HEIGHT="24" CONTENT="bad" WC="1.00" CC="000"/>
							<SP ID="P407_SP00087" HPOS="1293" VPOS="1812" WIDTH="12"/>
							<String ID="P407_ST00153" HPOS="1305" VPOS="1782" WIDTH="105" HEIGHT="31" CONTENT="ground." WC="0.93" CC="0100200"/>
						</TextLine>
						<TextLine ID="P407_TL00066" HPOS="1113" VPOS="1816" WIDTH="348" HEIGHT="33">
							<String ID="P407_ST00154" HPOS="1113" VPOS="1818" WIDTH="13" HEIGHT="22" CONTENT="6" WC="1.00" CC="0"/>
							<SP ID="P407_SP00088" HPOS="1126" VPOS="1840" WIDTH="20"/>
							<String ID="P407_ST00155" HPOS="1146" VPOS="1825" WIDTH="42" HEIGHT="19" CONTENT="m.;" WC="1.00" CC="000"/>
							<SP ID="P407_SP00089" HPOS="1188" VPOS="1844" WIDTH="15"/>
							<String ID="P407_ST00156" HPOS="1203" VPOS="1816" WIDTH="32" HEIGHT="33" CONTENT="2-]-" WC="0.58" CC="0384"/>
							<SP ID="P407_SP00090" HPOS="1235" VPOS="1849" WIDTH="12"/>
							<String ID="P407_ST00157" HPOS="1247" VPOS="1817" WIDTH="48" HEIGHT="23" CONTENT="hrs." WC="0.86" CC="3020"/>
							<SP ID="P407_SP00091" HPOS="1295" VPOS="1849" WIDTH="39"/>
							<String ID="P407_ST00158" HPOS="1334" VPOS="1816" WIDTH="127" HEIGHT="23" CONTENT="Followed" WC="0.83" CC="00310800"/>
						</TextLine>
						<TextLine ID="P407_TL00067" HPOS="1146" VPOS="1850" WIDTH="314" HEIGHT="31">
							<String ID="P407_ST00159" HPOS="1146" VPOS="1851" WIDTH="62" HEIGHT="24" CONTENT="river" WC="0.69" CC="01750"/>
							<String ID="P407_ST00160" HPOS="1218" VPOS="1860" WIDTH="5" HEIGHT="21" CONTENT=";" WC="0.24" CC="7"/>
							<SP ID="P407_SP00092" HPOS="1223" VPOS="1881" WIDTH="29"/>
							<String ID="P407_ST00161" HPOS="1252" VPOS="1851" WIDTH="60" HEIGHT="23" CONTENT="then" WC="0.90" CC="0003"/>
							<SP ID="P407_SP00093" HPOS="1312" VPOS="1881" WIDTH="32"/>
							<String ID="P407_ST00162" HPOS="1344" VPOS="1850" WIDTH="116" HEIGHT="24" CONTENT="climbed." WC="0.90" CC="00200013"/>
						</TextLine>
						<TextLine ID="P407_TL00068" HPOS="1147" VPOS="1884" WIDTH="315" HEIGHT="32">
							<String ID="P407_ST00163" HPOS="1147" VPOS="1887" WIDTH="36" HEIGHT="29" CONTENT="By" WC="0.69" CC="60"/>
							<SP ID="P407_SP00094" HPOS="1183" VPOS="1916" WIDTH="37"/>
							<String ID="P407_ST00164" HPOS="1220" VPOS="1885" WIDTH="152" HEIGHT="31" CONTENT="Ouapoume" WC="0.95" CC="00300000"/>
							<SP ID="P407_SP00095" HPOS="1372" VPOS="1916" WIDTH="28"/>
							<String ID="P407_ST00165" HPOS="1400" VPOS="1884" WIDTH="62" HEIGHT="32" CONTENT="(Lis-" WC="0.96" CC="00100"/>
						</TextLine>
						<TextLine ID="P407_TL00069" HPOS="1146" VPOS="1919" WIDTH="315" HEIGHT="32">
							<String ID="P407_ST00166" HPOS="1146" VPOS="1919" WIDTH="69" HEIGHT="32" CONTENT="sous)" WC="1.00" CC="00000"/>
							<SP ID="P407_SP00096" HPOS="1215" VPOS="1951" WIDTH="20"/>
							<String ID="P407_ST00167" HPOS="1235" VPOS="1924" WIDTH="26" HEIGHT="20" CONTENT="to" WC="1.00" CC="00"/>
							<SP ID="P407_SP00097" HPOS="1261" VPOS="1951" WIDTH="17"/>
							<String ID="P407_ST00168" HPOS="1278" VPOS="1920" WIDTH="26" HEIGHT="23" CONTENT="L." WC="1.00" CC="00"/>
							<SP ID="P407_SP00098" HPOS="1304" VPOS="1951" WIDTH="37"/>
							<String ID="P407_ST00169" HPOS="1341" VPOS="1920" WIDTH="120" HEIGHT="23" CONTENT="Torrents" WC="0.90" CC="20000400"/>
						</TextLine>
						<TextLine ID="P407_TL00070" HPOS="1146" VPOS="1954" WIDTH="316" HEIGHT="29">
							<String ID="P407_ST00170" HPOS="1146" VPOS="1963" WIDTH="26" HEIGHT="15" CONTENT="as" WC="0.96" CC="00"/>
							<SP ID="P407_SP00099" HPOS="1172" VPOS="1978" WIDTH="23"/>
							<String ID="P407_ST00171" HPOS="1195" VPOS="1955" WIDTH="77" HEIGHT="23" CONTENT="usual." WC="0.89" CC="000230"/>
							<SP ID="P407_SP00100" HPOS="1272" VPOS="1978" WIDTH="39"/>
							<String ID="P407_ST00172" HPOS="1311" VPOS="1955" WIDTH="41" HEIGHT="22" CONTENT="No" WC="1.00" CC="00"/>
							<SP ID="P407_SP00101" HPOS="1352" VPOS="1978" WIDTH="25"/>
							<String ID="P407_ST00173" HPOS="1377" VPOS="1954" WIDTH="69" HEIGHT="23" CONTENT="track" WC="1.00" CC="00000"/>
							<String ID="P407_ST00174" HPOS="1456" VPOS="1962" WIDTH="6" HEIGHT="21" CONTENT=";" WC="0.31" CC="6"/>
						</TextLine>
					</TextBlock>
					<TextBlock ID="P407_TB00022" HPOS="70" VPOS="690" WIDTH="27" HEIGHT="11" STYLEREFS="TXT_2 PAR_LEFT">
						<TextLine ID="P407_TL00071" HPOS="70" VPOS="690" WIDTH="27" HEIGHT="11">
							<String ID="P407_ST00175" HPOS="70" VPOS="690" WIDTH="10" HEIGHT="8" CONTENT="1" WC="0.11" CC="8"/>
							<SP ID="P407_SP00102" HPOS="80" VPOS="698" WIDTH="8"/>
							<String ID="P407_ST00176" HPOS="88" VPOS="690" WIDTH="9" HEIGHT="11" CONTENT="T" WC="1.00" CC="0"/>
						</TextLine>
					</TextBlock>
					<TextBlock ID="P407_TB00023" HPOS="246" VPOS="681" WIDTH="203" HEIGHT="32" STYLEREFS="TXT_2 PAR_LEFT">
						<TextLine ID="P407_TL00072" HPOS="246" VPOS="681" WIDTH="203" HEIGHT="32">
							<String ID="P407_ST00177" HPOS="246" VPOS="681" WIDTH="182" HEIGHT="32" CONTENT="Sin-tchan-pin" WC="0.82" CC="0132001450002"/>
							<SP ID="P407_SP00103" HPOS="428" VPOS="713" WIDTH="16"/>
							<String ID="P407_ST00178" HPOS="444" VPOS="701" WIDTH="5" HEIGHT="4" CONTENT="." WC="0.79" CC="2"/>
						</TextLine>
					</TextBlock>
					<TextBlock ID="P407_TB00024" HPOS="495" VPOS="682" WIDTH="41" HEIGHT="31" STYLEREFS="TXT_0 PAR_LEFT">
						<TextLine ID="P407_TL00073" HPOS="495" VPOS="682" WIDTH="41" HEIGHT="31">
							<String ID="P407_ST00179" HPOS="495" VPOS="682" WIDTH="41" HEIGHT="31" CONTENT="7i°" WC="0.52" CC="184"/>
						</TextLine>
					</TextBlock>
					<TextBlock ID="P407_TB00025" HPOS="579" VPOS="682" WIDTH="43" HEIGHT="24" STYLEREFS="TXT_0 PAR_LEFT">
						<TextLine ID="P407_TL00074" HPOS="579" VPOS="682" WIDTH="43" HEIGHT="24">
							<String ID="P407_ST00180" HPOS="579" VPOS="682" WIDTH="43" HEIGHT="24" CONTENT="80°" WC="0.60" CC="442"/>
						</TextLine>
					</TextBlock>
					<TextBlock ID="P407_TB00026" HPOS="665" VPOS="682" WIDTH="43" HEIGHT="25" STYLEREFS="TXT_0 PAR_LEFT">
						<TextLine ID="P407_TL00075" HPOS="665" VPOS="682" WIDTH="43" HEIGHT="25">
							<String ID="P407_ST00181" HPOS="665" VPOS="682" WIDTH="43" HEIGHT="25" CONTENT="68°" WC="0.74" CC="303"/>
						</TextLine>
					</TextBlock>
					<TextBlock ID="P407_TB00027" HPOS="876" VPOS="703" WIDTH="13" HEIGHT="11" STYLEREFS="TXT_0 PAR_RIGHT">
						<TextLine ID="P407_TL00076" HPOS="876" VPOS="703" WIDTH="13" HEIGHT="11">
							<String ID="P407_ST00182" HPOS="876" VPOS="703" WIDTH="13" HEIGHT="11" CONTENT="jj" WC="0.14" CC="88"/>
						</TextLine>
					</TextBlock>
					<TextBlock ID="P407_TB00028" HPOS="931" VPOS="685" WIDTH="135" HEIGHT="31" STYLEREFS="TXT_2 PAR_RIGHT">
						<TextLine ID="P407_TL00077" HPOS="931" VPOS="685" WIDTH="135" HEIGHT="31">
							<String ID="P407_ST00183" HPOS="931" VPOS="685" WIDTH="66" HEIGHT="31" CONTENT="Very" WC="1.00" CC="0000"/>
							<SP ID="P407_SP00104" HPOS="997" VPOS="716" WIDTH="13"/>
							<String ID="P407_ST00184" HPOS="1010" VPOS="685" WIDTH="56" HEIGHT="23" CONTENT="fine." WC="0.91" CC="00400"/>
						</TextLine>
					</TextBlock>
					<TextBlock ID="P407_TB00029" HPOS="90" VPOS="821" WIDTH="86" HEIGHT="30" STYLEREFS="TXT_2 PAR_LEFT">
						<TextLine ID="P407_TL00078" HPOS="90" VPOS="821" WIDTH="86" HEIGHT="30">
							<String ID="P407_ST00185" HPOS="90" VPOS="828" WIDTH="6" HEIGHT="14" CONTENT="1" WC="0.24" CC="7"/>
							<SP ID="P407_SP00105" HPOS="96" VPOS="842" WIDTH="18"/>
							<String ID="P407_ST00186" HPOS="114" VPOS="821" WIDTH="62" HEIGHT="30" CONTENT="Aug." WC="0.84" CC="6000"/>
						</TextLine>
					</TextBlock>
					<TextBlock ID="P407_TB00030" HPOS="246" VPOS="820" WIDTH="59" HEIGHT="23" STYLEREFS="TXT_2 PAR_LEFT">
						<TextLine ID="P407_TL00079" HPOS="246" VPOS="820" WIDTH="59" HEIGHT="23">
							<String ID="P407_ST00187" HPOS="246" VPOS="820" WIDTH="59" HEIGHT="23" CONTENT="Toti" WC="0.62" CC="0527"/>
						</TextLine>
					</TextBlock>
					<TextBlock ID="P407_TB00031" HPOS="495" VPOS="820" WIDTH="42" HEIGHT="31" STYLEREFS="TXT_0 PAR_LEFT">
						<TextLine ID="P407_TL00080" HPOS="495" VPOS="820" WIDTH="42" HEIGHT="31">
							<String ID="P407_ST00188" HPOS="495" VPOS="820" WIDTH="42" HEIGHT="31" CONTENT="73°" WC="0.66" CC="053"/>
						</TextLine>
					</TextBlock>
					<TextBlock ID="P407_TB00032" HPOS="580" VPOS="819" WIDTH="42" HEIGHT="31" STYLEREFS="TXT_0 PAR_LEFT">
						<TextLine ID="P407_TL00081" HPOS="580" VPOS="819" WIDTH="42" HEIGHT="31">
							<String ID="P407_ST00189" HPOS="580" VPOS="819" WIDTH="42" HEIGHT="31" CONTENT="84°" WC="0.44" CC="735"/>
						</TextLine>
					</TextBlock>
					<TextBlock ID="P407_TB00033" HPOS="677" VPOS="840" WIDTH="12" HEIGHT="11" STYLEREFS="TXT_0 PAR_LEFT">
						<TextLine ID="P407_TL00082" HPOS="677" VPOS="840" WIDTH="12" HEIGHT="11">
							<String ID="P407_ST00190" HPOS="677" VPOS="840" WIDTH="12" HEIGHT="11" CONTENT="jj" WC="0.21" CC="87"/>
						</TextLine>
					</TextBlock>
					<TextBlock ID="P407_TB00034" HPOS="876" VPOS="841" WIDTH="14" HEIGHT="10" STYLEREFS="TXT_0 PAR_RIGHT">
						<TextLine ID="P407_TL00083" HPOS="876" VPOS="841" WIDTH="14" HEIGHT="10">
							<String ID="P407_ST00191" HPOS="876" VPOS="841" WIDTH="14" HEIGHT="10" CONTENT="jj" WC="0.15" CC="88"/>
						</TextLine>
					</TextBlock>
					<TextBlock ID="P407_TB00035" HPOS="952" VPOS="822" WIDTH="103" HEIGHT="100" STYLEREFS="TXT_2 PAR_LEFT">
						<TextLine ID="P407_TL00084" HPOS="969" VPOS="822" WIDTH="62" HEIGHT="23">
							<String ID="P407_ST00192" HPOS="969" VPOS="822" WIDTH="62" HEIGHT="23" CONTENT="Fair." WC="0.87" CC="00005"/>
						</TextLine>
						<TextLine ID="P407_TL00085" HPOS="952" VPOS="856" WIDTH="103" HEIGHT="23">
							<String ID="P407_ST00193" HPOS="952" VPOS="856" WIDTH="65" HEIGHT="23" CONTENT="Rain" WC="0.80" CC="1600"/>
							<SP ID="P407_SP00106" HPOS="1017" VPOS="879" WIDTH="13"/>
							<String ID="P407_ST00194" HPOS="1030" VPOS="860" WIDTH="25" HEIGHT="19" CONTENT="at" WC="1.00" CC="00"/>
						</TextLine>
						<TextLine ID="P407_TL00086" HPOS="962" VPOS="890" WIDTH="75" HEIGHT="32">
							<String ID="P407_ST00195" HPOS="962" VPOS="890" WIDTH="75" HEIGHT="32" CONTENT="night." WC="0.97" CC="010000"/>
						</TextLine>
					</TextBlock>
					<TextBlock ID="P407_TB00036" HPOS="246" VPOS="1027" WIDTH="66" HEIGHT="23" STYLEREFS="TXT_2 PAR_LEFT">
						<TextLine ID="P407_TL00087" HPOS="246" VPOS="1027" WIDTH="66" HEIGHT="23">
							<String ID="P407_ST00196" HPOS="246" VPOS="1027" WIDTH="66" HEIGHT="23" CONTENT="Tolo" WC="0.82" CC="0060"/>
						</TextLine>
					</TextBlock>
					<TextBlock ID="P407_TB00037" HPOS="967" VPOS="1027" WIDTH="72" HEIGHT="24" STYLEREFS="TXT_2 PAR_RIGHT">
						<TextLine ID="P407_TL00088" HPOS="967" VPOS="1027" WIDTH="72" HEIGHT="24">
							<String ID="P407_ST00197" HPOS="967" VPOS="1027" WIDTH="72" HEIGHT="24" CONTENT="Rain." WC="0.89" CC="10300"/>
						</TextLine>
					</TextBlock>
					<TextBlock ID="P407_TB00038" HPOS="86" VPOS="1034" WIDTH="12" HEIGHT="15" STYLEREFS="TXT_0 PAR_LEFT">
						<TextLine ID="P407_TL00089" HPOS="86" VPOS="1034" WIDTH="12" HEIGHT="15">
							<String ID="P407_ST00198" HPOS="86" VPOS="1034" WIDTH="12" HEIGHT="15" CONTENT="2" WC="0.64" CC="3"/>
						</TextLine>
					</TextBlock>
					<TextBlock ID="P407_TB00039" HPOS="136" VPOS="1045" WIDTH="14" HEIGHT="10" STYLEREFS="TXT_0 PAR_LEFT">
						<TextLine ID="P407_TL00090" HPOS="136" VPOS="1045" WIDTH="14" HEIGHT="10">
							<String ID="P407_ST00199" HPOS="136" VPOS="1045" WIDTH="14" HEIGHT="10" CONTENT="JJ" WC="0.21" CC="78"/>
						</TextLine>
					</TextBlock>
					<TextBlock ID="P407_TB00040" HPOS="582" VPOS="1026" WIDTH="41" HEIGHT="31" STYLEREFS="TXT_0 PAR_LEFT">
						<TextLine ID="P407_TL00091" HPOS="582" VPOS="1026" WIDTH="41" HEIGHT="31">
							<String ID="P407_ST00200" HPOS="582" VPOS="1026" WIDTH="41" HEIGHT="31" CONTENT="77°" WC="0.82" CC="410"/>
						</TextLine>
					</TextBlock>
					<TextBlock ID="P407_TB00041" HPOS="666" VPOS="1026" WIDTH="43" HEIGHT="24" STYLEREFS="TXT_0 PAR_LEFT">
						<TextLine ID="P407_TL00092" HPOS="666" VPOS="1026" WIDTH="43" HEIGHT="24">
							<String ID="P407_ST00201" HPOS="666" VPOS="1026" WIDTH="43" HEIGHT="24" CONTENT="62°" WC="0.71" CC="043"/>
						</TextLine>
					</TextBlock>
					<TextBlock ID="P407_TB00042" HPOS="780" VPOS="1028" WIDTH="24" HEIGHT="23" STYLEREFS="TXT_0 PAR_RIGHT">
						<TextLine ID="P407_TL00093" HPOS="780" VPOS="1028" WIDTH="24" HEIGHT="23">
							<String ID="P407_ST00202" HPOS="780" VPOS="1028" WIDTH="24" HEIGHT="23" CONTENT="s." WC="1.00" CC="00"/>
						</TextLine>
					</TextBlock>
					<TextBlock ID="P407_TB00043" HPOS="505" VPOS="1045" WIDTH="13" HEIGHT="11" STYLEREFS="TXT_0 PAR_LEFT">
						<TextLine ID="P407_TL00094" HPOS="505" VPOS="1045" WIDTH="13" HEIGHT="11">
							<String ID="P407_ST00203" HPOS="505" VPOS="1045" WIDTH="13" HEIGHT="11" CONTENT="JJ" WC="0.24" CC="77"/>
						</TextLine>
					</TextBlock>
					<TextBlock ID="P407_TB00044" HPOS="86" VPOS="1172" WIDTH="13" HEIGHT="23" STYLEREFS="TXT_0 PAR_LEFT">
						<TextLine ID="P407_TL00095" HPOS="86" VPOS="1172" WIDTH="13" HEIGHT="23">
							<String ID="P407_ST00204" HPOS="86" VPOS="1172" WIDTH="13" HEIGHT="23" CONTENT="3" WC="0.30" CC="6"/>
						</TextLine>
					</TextBlock>
					<TextBlock ID="P407_TB00045" HPOS="136" VPOS="1183" WIDTH="14" HEIGHT="10" STYLEREFS="TXT_0 PAR_LEFT">
						<TextLine ID="P407_TL00096" HPOS="136" VPOS="1183" WIDTH="14" HEIGHT="10">
							<String ID="P407_ST00205" HPOS="136" VPOS="1183" WIDTH="14" HEIGHT="10" CONTENT="JJ" WC="0.22" CC="77"/>
						</TextLine>
					</TextBlock>
					<TextBlock ID="P407_TB00046" HPOS="247" VPOS="1164" WIDTH="204" HEIGHT="31" STYLEREFS="TXT_2 PAR_LEFT">
						<TextLine ID="P407_TL00097" HPOS="247" VPOS="1164" WIDTH="204" HEIGHT="31">
							<String ID="P407_ST00206" HPOS="247" VPOS="1164" WIDTH="181" HEIGHT="31" CONTENT="Fong-chouan" WC="0.91" CC="00402000002"/>
							<SP ID="P407_SP00107" HPOS="428" VPOS="1195" WIDTH="17"/>
							<String ID="P407_ST00207" HPOS="445" VPOS="1182" WIDTH="6" HEIGHT="5" CONTENT="." WC="1.00" CC="0"/>
						</TextLine>
					</TextBlock>
					<TextBlock ID="P407_TB00047" HPOS="931" VPOS="1165" WIDTH="136" HEIGHT="30" STYLEREFS="TXT_2 PAR_RIGHT">
						<TextLine ID="P407_TL00098" HPOS="931" VPOS="1165" WIDTH="136" HEIGHT="30">
							<String ID="P407_ST00208" HPOS="931" VPOS="1165" WIDTH="67" HEIGHT="30" CONTENT="Very" WC="0.84" CC="0050"/>
							<SP ID="P407_SP00108" HPOS="998" VPOS="1195" WIDTH="13"/>
							<String ID="P407_ST00209" HPOS="1011" VPOS="1165" WIDTH="56" HEIGHT="22" CONTENT="fine." WC="0.93" CC="00300"/>
						</TextLine>
					</TextBlock>
					<TextBlock ID="P407_TB00048" HPOS="581" VPOS="1163" WIDTH="42" HEIGHT="30" STYLEREFS="TXT_0 PAR_LEFT">
						<TextLine ID="P407_TL00099" HPOS="581" VPOS="1163" WIDTH="42" HEIGHT="30">
							<String ID="P407_ST00210" HPOS="581" VPOS="1163" WIDTH="42" HEIGHT="30" CONTENT="84°" WC="0.50" CC="716"/>
						</TextLine>
					</TextBlock>
					<TextBlock ID="P407_TB00049" HPOS="667" VPOS="1164" WIDTH="42" HEIGHT="30" STYLEREFS="TXT_0 PAR_LEFT">
						<TextLine ID="P407_TL00100" HPOS="667" VPOS="1164" WIDTH="42" HEIGHT="30">
							<String ID="P407_ST00211" HPOS="667" VPOS="1164" WIDTH="42" HEIGHT="30" CONTENT="7i°" WC="0.72" CC="070"/>
						</TextLine>
					</TextBlock>
					<TextBlock ID="P407_TB00050" HPOS="506" VPOS="1183" WIDTH="12" HEIGHT="11" STYLEREFS="TXT_0 PAR_LEFT">
						<TextLine ID="P407_TL00101" HPOS="506" VPOS="1183" WIDTH="12" HEIGHT="11">
							<String ID="P407_ST00212" HPOS="506" VPOS="1183" WIDTH="12" HEIGHT="11" CONTENT="JJ" WC="0.26" CC="86"/>
						</TextLine>
					</TextBlock>
					<TextBlock ID="P407_TB00051" HPOS="85" VPOS="1449" WIDTH="14" HEIGHT="57" STYLEREFS="TXT_2 PAR_LEFT">
						<TextLine ID="P407_TL00102" HPOS="85" VPOS="1449" WIDTH="14" HEIGHT="20">
							<String ID="P407_ST00213" HPOS="85" VPOS="1449" WIDTH="14" HEIGHT="20" CONTENT="4" WC="0.22" CC="7"/>
						</TextLine>
						<TextLine ID="P407_TL00103" HPOS="85" VPOS="1481" WIDTH="12" HEIGHT="25">
							<String ID="P407_ST00214" HPOS="85" VPOS="1481" WIDTH="12" HEIGHT="25" CONTENT="5" WC="1.00" CC="0"/>
						</TextLine>
					</TextBlock>
					<TextBlock ID="P407_TB00052" HPOS="136" VPOS="1459" WIDTH="13" HEIGHT="45" STYLEREFS="TXT_2 PAR_LEFT">
						<TextLine ID="P407_TL00104" HPOS="136" VPOS="1459" WIDTH="13" HEIGHT="10">
							<String ID="P407_ST00215" HPOS="136" VPOS="1459" WIDTH="13" HEIGHT="10" CONTENT="JJ" WC="0.19" CC="87"/>
						</TextLine>
						<TextLine ID="P407_TL00105" HPOS="136" VPOS="1494" WIDTH="13" HEIGHT="10">
							<String ID="P407_ST00216" HPOS="136" VPOS="1494" WIDTH="13" HEIGHT="10" CONTENT="JJ" WC="0.21" CC="77"/>
						</TextLine>
					</TextBlock>
					<TextBlock ID="P407_TB00053" HPOS="246" VPOS="1474" WIDTH="205" HEIGHT="66" STYLEREFS="TXT_2 PAR_LEFT">
						<TextLine ID="P407_TL00106" HPOS="246" VPOS="1474" WIDTH="205" HEIGHT="31">
							<String ID="P407_ST00217" HPOS="246" VPOS="1475" WIDTH="81" HEIGHT="30" CONTENT="Camp" WC="1.00" CC="0000"/>
							<SP ID="P407_SP00109" HPOS="327" VPOS="1505" WIDTH="13"/>
							<String ID="P407_ST00218" HPOS="340" VPOS="1478" WIDTH="24" HEIGHT="19" CONTENT="at" WC="0.87" CC="20"/>
							<SP ID="P407_SP00110" HPOS="364" VPOS="1505" WIDTH="20"/>
							<String ID="P407_ST00219" HPOS="384" VPOS="1474" WIDTH="67" HEIGHT="23" CONTENT="Sian-" WC="0.82" CC="02500"/>
						</TextLine>
						<TextLine ID="P407_TL00107" HPOS="279" VPOS="1508" WIDTH="155" HEIGHT="32">
							<String ID="P407_ST00220" HPOS="279" VPOS="1508" WIDTH="155" HEIGHT="32" CONTENT="pin-chouan" WC="0.88" CC="0000030105"/>
						</TextLine>
					</TextBlock>
					<TextBlock ID="P407_TB00054" HPOS="495" VPOS="1439" WIDTH="42" HEIGHT="66" STYLEREFS="TXT_2 PAR_LEFT">
						<TextLine ID="P407_TL00108" HPOS="495" VPOS="1439" WIDTH="42" HEIGHT="31">
							<String ID="P407_ST00221" HPOS="495" VPOS="1439" WIDTH="42" HEIGHT="31" CONTENT="75°" WC="0.65" CC="530"/>
						</TextLine>
						<TextLine ID="P407_TL00109" HPOS="495" VPOS="1474" WIDTH="41" HEIGHT="31">
							<String ID="P407_ST00222" HPOS="495" VPOS="1474" WIDTH="41" HEIGHT="31" CONTENT="77°" WC="0.69" CC="440"/>
						</TextLine>
					</TextBlock>
					<TextBlock ID="P407_TB00055" HPOS="580" VPOS="1438" WIDTH="44" HEIGHT="65" STYLEREFS="TXT_2 PAR_LEFT">
						<TextLine ID="P407_TL00110" HPOS="580" VPOS="1438" WIDTH="43" HEIGHT="24">
							<String ID="P407_ST00223" HPOS="580" VPOS="1438" WIDTH="43" HEIGHT="24" CONTENT="82°" WC="0.71" CC="440"/>
						</TextLine>
						<TextLine ID="P407_TL00111" HPOS="580" VPOS="1472" WIDTH="44" HEIGHT="31">
							<String ID="P407_ST00224" HPOS="580" VPOS="1472" WIDTH="44" HEIGHT="31" CONTENT="84°" WC="0.38" CC="864"/>
						</TextLine>
					</TextBlock>
					<TextBlock ID="P407_TB00056" HPOS="667" VPOS="1439" WIDTH="42" HEIGHT="66" STYLEREFS="TXT_2 PAR_LEFT">
						<TextLine ID="P407_TL00112" HPOS="667" VPOS="1439" WIDTH="42" HEIGHT="30">
							<String ID="P407_ST00225" HPOS="667" VPOS="1439" WIDTH="42" HEIGHT="30" CONTENT="7i°" WC="0.72" CC="160"/>
						</TextLine>
						<TextLine ID="P407_TL00113" HPOS="667" VPOS="1474" WIDTH="42" HEIGHT="31">
							<String ID="P407_ST00226" HPOS="667" VPOS="1474" WIDTH="42" HEIGHT="31" CONTENT="73°" WC="0.59" CC="740"/>
						</TextLine>
					</TextBlock>
					<TextBlock ID="P407_TB00057" HPOS="786" VPOS="1459" WIDTH="13" HEIGHT="10" STYLEREFS="TXT_1 PAR_RIGHT">
						<TextLine ID="P407_TL00114" HPOS="786" VPOS="1459" WIDTH="13" HEIGHT="10">
							<String ID="P407_ST00227" HPOS="786" VPOS="1459" WIDTH="13" HEIGHT="10" CONTENT=",," WC="0.22" CC="77" STYLEREFS="TXT_0"/>
						</TextLine>
					</TextBlock>
					<TextBlock ID="P407_TB00058" HPOS="880" VPOS="1448" WIDTH="11" HEIGHT="15" STYLEREFS="TXT_0 PAR_RIGHT">
						<TextLine ID="P407_TL00115" HPOS="880" VPOS="1448" WIDTH="11" HEIGHT="15">
							<String ID="P407_ST00228" HPOS="880" VPOS="1448" WIDTH="11" HEIGHT="15" CONTENT="2" WC="0.70" CC="2"/>
						</TextLine>
					</TextBlock>
					<TextBlock ID="P407_TB00059" HPOS="968" VPOS="1439" WIDTH="71" HEIGHT="58" STYLEREFS="TXT_2 PAR_LEFT">
						<TextLine ID="P407_TL00116" HPOS="968" VPOS="1439" WIDTH="71" HEIGHT="24">
							<String ID="P407_ST00229" HPOS="968" VPOS="1439" WIDTH="71" HEIGHT="24" CONTENT="Rain." WC="0.82" CC="03050"/>
						</TextLine>
						<TextLine ID="P407_TL00117" HPOS="970" VPOS="1474" WIDTH="61" HEIGHT="23">
							<String ID="P407_ST00230" HPOS="970" VPOS="1474" WIDTH="61" HEIGHT="23" CONTENT="Fair." WC="0.87" CC="50000"/>
						</TextLine>
					</TextBlock>
					<TextBlock ID="P407_TB00060" HPOS="878" VPOS="1483" WIDTH="14" HEIGHT="14" STYLEREFS="TXT_0 PAR_RIGHT">
						<TextLine ID="P407_TL00118" HPOS="878" VPOS="1483" WIDTH="14" HEIGHT="14">
							<String ID="P407_ST00231" HPOS="878" VPOS="1483" WIDTH="14" HEIGHT="14" CONTENT="o" WC="1.00" CC="0"/>
						</TextLine>
					</TextBlock>
					<TextBlock ID="P407_TB00061" HPOS="84" VPOS="1683" WIDTH="14" HEIGHT="23" STYLEREFS="TXT_0 PAR_LEFT">
						<TextLine ID="P407_TL00119" HPOS="84" VPOS="1683" WIDTH="14" HEIGHT="23">
							<String ID="P407_ST00232" HPOS="84" VPOS="1683" WIDTH="14" HEIGHT="23" CONTENT="6" WC="1.00" CC="0"/>
						</TextLine>
					</TextBlock>
					<TextBlock ID="P407_TB00062" HPOS="135" VPOS="1701" WIDTH="13" HEIGHT="11" STYLEREFS="TXT_1 PAR_LEFT">
						<TextLine ID="P407_TL00120" HPOS="135" VPOS="1701" WIDTH="13" HEIGHT="11">
							<String ID="P407_ST00233" HPOS="135" VPOS="1701" WIDTH="13" HEIGHT="11" CONTENT=",," WC="0.22" CC="77" STYLEREFS="TXT_0"/>
						</TextLine>
					</TextBlock>
					<TextBlock ID="P407_TB00063" HPOS="246" VPOS="1681" WIDTH="203" HEIGHT="31" STYLEREFS="TXT_2 PAR_LEFT">
						<TextLine ID="P407_TL00121" HPOS="246" VPOS="1681" WIDTH="203" HEIGHT="31">
							<String ID="P407_ST00234" HPOS="246" VPOS="1682" WIDTH="72" HEIGHT="23" CONTENT="Feast" WC="0.90" CC="00210"/>
							<SP ID="P407_SP00111" HPOS="318" VPOS="1705" WIDTH="14"/>
							<String ID="P407_ST00235" HPOS="332" VPOS="1681" WIDTH="81" HEIGHT="31" CONTENT="Camp" WC="1.00" CC="0000"/>
							<SP ID="P407_SP00112" HPOS="413" VPOS="1712" WIDTH="32"/>
							<String ID="P407_ST00236" HPOS="445" VPOS="1700" WIDTH="4" HEIGHT="4" CONTENT="." WC="1.00" CC="0"/>
						</TextLine>
					</TextBlock>
					<TextBlock ID="P407_TB00064" HPOS="495" VPOS="1680" WIDTH="41" HEIGHT="31" STYLEREFS="TXT_0 PAR_LEFT">
						<TextLine ID="P407_TL00122" HPOS="495" VPOS="1680" WIDTH="41" HEIGHT="31">
							<String ID="P407_ST00237" HPOS="495" VPOS="1680" WIDTH="41" HEIGHT="31" CONTENT="7i°" WC="0.64" CC="360"/>
						</TextLine>
					</TextBlock>
					<TextBlock ID="P407_TB00065" HPOS="591" VPOS="1700" WIDTH="13" HEIGHT="9" STYLEREFS="TXT_0 PAR_LEFT">
						<TextLine ID="P407_TL00123" HPOS="591" VPOS="1700" WIDTH="13" HEIGHT="9">
							<String ID="P407_ST00238" HPOS="591" VPOS="1700" WIDTH="13" HEIGHT="9" CONTENT="11" WC="0.14" CC="88"/>
						</TextLine>
					</TextBlock>
					<TextBlock ID="P407_TB00066" HPOS="676" VPOS="1700" WIDTH="13" HEIGHT="10" STYLEREFS="TXT_0 PAR_LEFT">
						<TextLine ID="P407_TL00124" HPOS="676" VPOS="1700" WIDTH="13" HEIGHT="10">
							<String ID="P407_ST00239" HPOS="676" VPOS="1700" WIDTH="13" HEIGHT="10" CONTENT="jj" WC="0.17" CC="87"/>
						</TextLine>
					</TextBlock>
					<TextBlock ID="P407_TB00067" HPOS="876" VPOS="1700" WIDTH="14" HEIGHT="10" STYLEREFS="TXT_0 PAR_RIGHT">
						<TextLine ID="P407_TL00125" HPOS="876" VPOS="1700" WIDTH="14" HEIGHT="10">
							<String ID="P407_ST00240" HPOS="876" VPOS="1700" WIDTH="14" HEIGHT="10" CONTENT="jj" WC="0.16" CC="88"/>
						</TextLine>
					</TextBlock>
					<TextBlock ID="P407_TB00068" HPOS="993" VPOS="1700" WIDTH="13" HEIGHT="9" STYLEREFS="TXT_0 PAR_RIGHT">
						<TextLine ID="P407_TL00126" HPOS="993" VPOS="1700" WIDTH="13" HEIGHT="9">
							<String ID="P407_ST00241" HPOS="993" VPOS="1700" WIDTH="13" HEIGHT="9" CONTENT="Jl" WC="0.14" CC="88"/>
						</TextLine>
					</TextBlock>
					<TextBlock ID="P407_TB00069" HPOS="86" VPOS="1829" WIDTH="11" HEIGHT="21" STYLEREFS="TXT_0 PAR_LEFT">
						<TextLine ID="P407_TL00127" HPOS="86" VPOS="1829" WIDTH="11" HEIGHT="21">
							<String ID="P407_ST00242" HPOS="86" VPOS="1829" WIDTH="11" HEIGHT="21" CONTENT="7" WC="1.00" CC="0"/>
						</TextLine>
					</TextBlock>
					<TextBlock ID="P407_TB00070" HPOS="135" VPOS="1840" WIDTH="14" HEIGHT="10" STYLEREFS="TXT_1 PAR_LEFT">
						<TextLine ID="P407_TL00128" HPOS="135" VPOS="1840" WIDTH="14" HEIGHT="10">
							<String ID="P407_ST00243" HPOS="135" VPOS="1840" WIDTH="14" HEIGHT="10" CONTENT=",," WC="0.22" CC="77" STYLEREFS="TXT_0"/>
						</TextLine>
					</TextBlock>
					<TextBlock ID="P407_TB00071" HPOS="247" VPOS="1819" WIDTH="124" HEIGHT="24" STYLEREFS="TXT_2 PAR_LEFT">
						<TextLine ID="P407_TL00129" HPOS="247" VPOS="1819" WIDTH="124" HEIGHT="24">
							<String ID="P407_ST00244" HPOS="247" VPOS="1819" WIDTH="98" HEIGHT="24" CONTENT="Lameti" WC="0.91" CC="020002"/>
							<SP ID="P407_SP00113" HPOS="345" VPOS="1843" WIDTH="22"/>
							<String ID="P407_ST00245" HPOS="367" VPOS="1839" WIDTH="4" HEIGHT="4" CONTENT="." WC="0.58" CC="4"/>
						</TextLine>
					</TextBlock>
					<TextBlock ID="P407_TB00072" HPOS="494" VPOS="1818" WIDTH="42" HEIGHT="24" STYLEREFS="TXT_0 PAR_LEFT">
						<TextLine ID="P407_TL00130" HPOS="494" VPOS="1818" WIDTH="42" HEIGHT="24">
							<String ID="P407_ST00246" HPOS="494" VPOS="1818" WIDTH="42" HEIGHT="24" CONTENT="68°" WC="0.59" CC="047"/>
						</TextLine>
					</TextBlock>
					<TextBlock ID="P407_TB00073" HPOS="579" VPOS="1818" WIDTH="43" HEIGHT="24" STYLEREFS="TXT_0 PAR_LEFT">
						<TextLine ID="P407_TL00131" HPOS="579" VPOS="1818" WIDTH="43" HEIGHT="24">
							<String ID="P407_ST00247" HPOS="579" VPOS="1818" WIDTH="43" HEIGHT="24" CONTENT="82°" WC="0.68" CC="503"/>
						</TextLine>
					</TextBlock>
					<TextBlock ID="P407_TB00074" HPOS="676" VPOS="1839" WIDTH="14" HEIGHT="10" STYLEREFS="TXT_0 PAR_LEFT">
						<TextLine ID="P407_TL00132" HPOS="676" VPOS="1839" WIDTH="14" HEIGHT="10">
							<String ID="P407_ST00248" HPOS="676" VPOS="1839" WIDTH="14" HEIGHT="10" CONTENT="jj" WC="0.14" CC="88"/>
						</TextLine>
					</TextBlock>
					<TextBlock ID="P407_TB00075" HPOS="877" VPOS="1837" WIDTH="13" HEIGHT="11" STYLEREFS="TXT_0 PAR_RIGHT">
						<TextLine ID="P407_TL00133" HPOS="877" VPOS="1837" WIDTH="13" HEIGHT="11">
							<String ID="P407_ST00249" HPOS="877" VPOS="1837" WIDTH="13" HEIGHT="11" CONTENT="jj" WC="0.23" CC="77"/>
						</TextLine>
					</TextBlock>
					<TextBlock ID="P407_TB00076" HPOS="993" VPOS="1837" WIDTH="15" HEIGHT="11" STYLEREFS="TXT_0 PAR_RIGHT">
						<TextLine ID="P407_TL00134" HPOS="993" VPOS="1837" WIDTH="15" HEIGHT="11">
							<String ID="P407_ST00250" HPOS="993" VPOS="1837" WIDTH="15" HEIGHT="11" CONTENT="JJ" WC="0.16" CC="88"/>
						</TextLine>
					</TextBlock>
					<TextBlock ID="P407_TB00077" HPOS="246" VPOS="2027" WIDTH="126" HEIGHT="24" STYLEREFS="TXT_2 PAR_LEFT">
						<TextLine ID="P407_TL00135" HPOS="246" VPOS="2027" WIDTH="126" HEIGHT="24">
							<String ID="P407_ST00251" HPOS="246" VPOS="2027" WIDTH="99" HEIGHT="24" CONTENT="Lometi" WC="1.00" CC="000000"/>
							<SP ID="P407_SP00114" HPOS="345" VPOS="2051" WIDTH="23"/>
							<String ID="P407_ST00252" HPOS="368" VPOS="2046" WIDTH="4" HEIGHT="3" CONTENT="." WC="0.43" CC="5"/>
						</TextLine>
					</TextBlock>
					<TextBlock ID="P407_TB00078" HPOS="1113" VPOS="1994" WIDTH="348" HEIGHT="95" STYLEREFS="TXT_2 PAR_LEFT">
						<TextLine ID="P407_TL00136" HPOS="1146" VPOS="1994" WIDTH="159" HEIGHT="19">
							<String ID="P407_ST00253" HPOS="1146" VPOS="1998" WIDTH="35" HEIGHT="15" CONTENT="we" WC="0.68" CC="60"/>
							<SP ID="P407_SP00115" HPOS="1181" VPOS="2013" WIDTH="14"/>
							<String ID="P407_ST00254" HPOS="1195" VPOS="1994" WIDTH="41" HEIGHT="19" CONTENT="cut" WC="0.90" CC="030"/>
							<SP ID="P407_SP00116" HPOS="1236" VPOS="2013" WIDTH="15"/>
							<String ID="P407_ST00255" HPOS="1251" VPOS="1996" WIDTH="54" HEIGHT="16" CONTENT="one." WC="0.92" CC="0003"/>
						</TextLine>
						<TextLine ID="P407_TL00137" HPOS="1113" VPOS="2022" WIDTH="348" HEIGHT="33">
							<String ID="P407_ST00256" HPOS="1113" VPOS="2024" WIDTH="27" HEIGHT="24" CONTENT="L." WC="1.00" CC="00"/>
							<SP ID="P407_SP00117" HPOS="1140" VPOS="2048" WIDTH="11"/>
							<String ID="P407_ST00257" HPOS="1151" VPOS="2022" WIDTH="131" HEIGHT="33" CONTENT="(Lissous)," WC="0.88" CC="0620003000"/>
							<SP ID="P407_SP00118" HPOS="1282" VPOS="2055" WIDTH="11"/>
							<String ID="P407_ST00258" HPOS="1293" VPOS="2032" WIDTH="14" HEIGHT="20" CONTENT="4" WC="0.81" CC="1"/>
							<SP ID="P407_SP00119" HPOS="1307" VPOS="2055" WIDTH="4"/>
							<String ID="P407_ST00259" HPOS="1311" VPOS="2022" WIDTH="12" HEIGHT="32" CONTENT="j" WC="0.12" CC="8"/>
							<SP ID="P407_SP00120" HPOS="1323" VPOS="2055" WIDTH="11"/>
							<String ID="P407_ST00260" HPOS="1334" VPOS="2031" WIDTH="43" HEIGHT="21" CONTENT="m.;" WC="1.00" CC="000"/>
							<SP ID="P407_SP00121" HPOS="1377" VPOS="2055" WIDTH="12"/>
							<String ID="P407_ST00261" HPOS="1389" VPOS="2031" WIDTH="12" HEIGHT="15" CONTENT="2" WC="0.57" CC="4"/>
							<SP ID="P407_SP00122" HPOS="1401" VPOS="2055" WIDTH="12"/>
							<String ID="P407_ST00262" HPOS="1413" VPOS="2023" WIDTH="48" HEIGHT="24" CONTENT="hrs." WC="0.87" CC="0103"/>
						</TextLine>
						<TextLine ID="P407_TL00138" HPOS="1147" VPOS="2057" WIDTH="196" HEIGHT="32">
							<String ID="P407_ST00263" HPOS="1147" VPOS="2059" WIDTH="69" HEIGHT="30" CONTENT="Slept" WC="0.97" CC="01000"/>
							<SP ID="P407_SP00123" HPOS="1216" VPOS="2089" WIDTH="13"/>
							<String ID="P407_ST00264" HPOS="1229" VPOS="2058" WIDTH="33" HEIGHT="31" CONTENT="by" WC="1.00" CC="00"/>
							<SP ID="P407_SP00124" HPOS="1262" VPOS="2089" WIDTH="12"/>
							<String ID="P407_ST00265" HPOS="1274" VPOS="2057" WIDTH="69" HEIGHT="25" CONTENT="river." WC="0.98" CC="000000"/>
						</TextLine>
					</TextBlock>
					<TextBlock ID="P407_TB00079" HPOS="83" VPOS="2029" WIDTH="14" HEIGHT="23" STYLEREFS="TXT_0 PAR_LEFT">
						<TextLine ID="P407_TL00139" HPOS="83" VPOS="2029" WIDTH="14" HEIGHT="23">
							<String ID="P407_ST00266" HPOS="83" VPOS="2029" WIDTH="14" HEIGHT="23" CONTENT="8" WC="1.00" CC="0"/>
						</TextLine>
					</TextBlock>
					<TextBlock ID="P407_TB00080" HPOS="134" VPOS="2048" WIDTH="14" HEIGHT="10" STYLEREFS="TXT_0 PAR_LEFT">
						<TextLine ID="P407_TL00140" HPOS="134" VPOS="2048" WIDTH="14" HEIGHT="10">
							<String ID="P407_ST00267" HPOS="134" VPOS="2048" WIDTH="14" HEIGHT="10" CONTENT="JJ" WC="0.20" CC="78"/>
						</TextLine>
					</TextBlock>
					<TextBlock ID="P407_TB00081" HPOS="494" VPOS="2025" WIDTH="43" HEIGHT="30" STYLEREFS="TXT_0 PAR_LEFT">
						<TextLine ID="P407_TL00141" HPOS="494" VPOS="2025" WIDTH="43" HEIGHT="30">
							<String ID="P407_ST00268" HPOS="494" VPOS="2025" WIDTH="43" HEIGHT="30" CONTENT="69°" WC="0.64" CC="550"/>
						</TextLine>
					</TextBlock>
					<TextBlock ID="P407_TB00082" HPOS="580" VPOS="2025" WIDTH="42" HEIGHT="24" STYLEREFS="TXT_0 PAR_LEFT">
						<TextLine ID="P407_TL00142" HPOS="580" VPOS="2025" WIDTH="42" HEIGHT="24">
							<String ID="P407_ST00269" HPOS="580" VPOS="2025" WIDTH="42" HEIGHT="24" CONTENT="8o°" WC="0.57" CC="164"/>
						</TextLine>
					</TextBlock>
					<TextBlock ID="P407_TB00083" HPOS="667" VPOS="2025" WIDTH="42" HEIGHT="30" STYLEREFS="TXT_0 PAR_LEFT">
						<TextLine ID="P407_TL00143" HPOS="667" VPOS="2025" WIDTH="42" HEIGHT="30">
							<String ID="P407_ST00270" HPOS="667" VPOS="2025" WIDTH="42" HEIGHT="30" CONTENT="71°" WC="0.59" CC="480"/>
						</TextLine>
					</TextBlock>
					<TextBlock ID="P407_TB00084" HPOS="877" VPOS="2044" WIDTH="13" HEIGHT="11" STYLEREFS="TXT_0 PAR_RIGHT">
						<TextLine ID="P407_TL00144" HPOS="877" VPOS="2044" WIDTH="13" HEIGHT="11">
							<String ID="P407_ST00271" HPOS="877" VPOS="2044" WIDTH="13" HEIGHT="11" CONTENT="jj" WC="0.24" CC="86"/>
						</TextLine>
					</TextBlock>
					<TextBlock ID="P407_TB00085" HPOS="994" VPOS="2044" WIDTH="14" HEIGHT="10" STYLEREFS="TXT_0 PAR_RIGHT">
						<TextLine ID="P407_TL00145" HPOS="994" VPOS="2044" WIDTH="14" HEIGHT="10">
							<String ID="P407_ST00272" HPOS="994" VPOS="2044" WIDTH="14" HEIGHT="10" CONTENT="jj" WC="0.18" CC="78"/>
						</TextLine>
					</TextBlock>
				</ComposedBlock>
			</PrintSpace>
		</Page>
	</Layout>
</alto>
