<?xml version="1.0" encoding="UTF-8"?>
<alto xmlns:xsi="http://www.w3.org/2001/XMLSchema-instance" xsi:noNamespaceSchemaLocation="http://www.bl.uk/schemas/alto/alto-1-4.xsd" xmlns:xlink="http://www.w3.org/1999/xlink">
	<Description>
		<MeasurementUnit>mm10</MeasurementUnit>
		<sourceImageInformation>
			<fileName>//head1/IN/2008-10/A0011321378/004659.jp2</fileName>
		</sourceImageInformation>
		<OCRProcessing ID="OCRPROCESSING_1">
			<preProcessingStep>
				<processingSoftware>
					<softwareCreator>CCS Content Conversion Specialists GmbH, Germany</softwareCreator>
					<softwareName>CCS docWORKS</softwareName>
					<softwareVersion>6.1-0.67</softwareVersion>
				</processingSoftware>
			</preProcessingStep>
			<ocrProcessingStep>
				<processingSoftware>
					<softwareCreator>ABBYY (BIT Software), Russia</softwareCreator>
					<softwareName>Finereader</softwareName>
				</processingSoftware>
			</ocrProcessingStep>
		</OCRProcessing>
	</Description>
	<Styles>
		<TextStyle ID="TXT_0" FONTSIZE="10" FONTFAMILY="Courier New"/>
		<TextStyle ID="TXT_1" FONTSIZE="9" FONTFAMILY="Courier New"/>
		<TextStyle ID="TXT_2" FONTSIZE="11" FONTFAMILY="Courier New"/>
		<ParagraphStyle ID="PAR_LEFT" ALIGN="Left"/>
		<ParagraphStyle ID="PAR_RIGHT" ALIGN="Right"/>
	</Styles>
	<Layout>
		<Page ID="P341" PHYSICAL_IMG_NR="341" HEIGHT="2357" WIDTH="1617" PRINTED_IMG_NR="325" POSITION="Right" ACCURACY="89.05">
			<TopMargin ID="P341_TM00001" HPOS="0" VPOS="0" WIDTH="1617" HEIGHT="143"/>
			<LeftMargin ID="P341_LM00001" HPOS="0" VPOS="143" WIDTH="122" HEIGHT="2042"/>
			<RightMargin ID="P341_RM00001" HPOS="1426" VPOS="143" WIDTH="191" HEIGHT="2042"/>
			<BottomMargin ID="P341_BM00001" HPOS="0" VPOS="2185" WIDTH="1617" HEIGHT="172">
				<TextBlock ID="P341_TB00001" HPOS="724" VPOS="2186" WIDTH="56" HEIGHT="28" STYLEREFS="TXT_0 PAR_LEFT">
					<TextLine ID="P341_TL00001" HPOS="724" VPOS="2186" WIDTH="56" HEIGHT="28">
						<String ID="P341_ST00001" HPOS="724" VPOS="2186" WIDTH="56" HEIGHT="28" CONTENT="325" WC="1.00" CC="000"/>
					</TextLine>
				</TextBlock>
			</BottomMargin>
			<PrintSpace ID="P341_PS00001" HPOS="122" VPOS="143" WIDTH="1304" HEIGHT="2042">
				<TextBlock ID="P341_TB00002" HPOS="518" VPOS="143" WIDTH="453" HEIGHT="30" STYLEREFS="TXT_0 PAR_LEFT">
					<TextLine ID="P341_TL00002" HPOS="518" VPOS="144" WIDTH="453" HEIGHT="29">
						<String ID="P341_ST00002" HPOS="518" VPOS="144" WIDTH="196" HEIGHT="29" CONTENT="KHAMTI" WC="0.92" CC="000005"/>
						<SP ID="P341_SP00001" HPOS="714" VPOS="173" WIDTH="30"/>
						<String ID="P341_ST00003" HPOS="744" VPOS="144" WIDTH="62" HEIGHT="29" CONTENT="TO" WC="0.96" CC="00"/>
						<SP ID="P341_SP00002" HPOS="806" VPOS="173" WIDTH="28"/>
						<String ID="P341_ST00004" HPOS="834" VPOS="144" WIDTH="137" HEIGHT="29" CONTENT="INDIA" WC="0.92" CC="30000"/>
					</TextLine>
				</TextBlock>
				<TextBlock ID="P341_TB00003" HPOS="122" VPOS="251" WIDTH="1236" HEIGHT="162" STYLEREFS="TXT_0 PAR_LEFT">
					<TextLine ID="P341_TL00003" HPOS="188" VPOS="251" WIDTH="1167" HEIGHT="42">
						<String ID="P341_ST00005" HPOS="188" VPOS="252" WIDTH="48" HEIGHT="31" CONTENT="As" WC="1.00" CC="00"/>
						<SP ID="P341_SP00003" HPOS="236" VPOS="283" WIDTH="31"/>
						<String ID="P341_ST00006" HPOS="267" VPOS="264" WIDTH="61" HEIGHT="19" CONTENT="one" WC="1.00" CC="000"/>
						<SP ID="P341_SP00004" HPOS="328" VPOS="283" WIDTH="32"/>
						<String ID="P341_ST00007" HPOS="360" VPOS="253" WIDTH="117" HEIGHT="30" CONTENT="throws" WC="0.85" CC="020060"/>
						<SP ID="P341_SP00005" HPOS="477" VPOS="283" WIDTH="32"/>
						<String ID="P341_ST00008" HPOS="509" VPOS="260" WIDTH="55" HEIGHT="23" CONTENT="out" WC="0.83" CC="040"/>
						<SP ID="P341_SP00006" HPOS="564" VPOS="283" WIDTH="30"/>
						<String ID="P341_ST00009" HPOS="594" VPOS="252" WIDTH="190" HEIGHT="41" CONTENT="everything" WC="0.67" CC="6043033650"/>
						<SP ID="P341_SP00007" HPOS="784" VPOS="293" WIDTH="28"/>
						<String ID="P341_ST00010" HPOS="812" VPOS="253" WIDTH="79" HEIGHT="30" CONTENT="from" WC="0.94" CC="0200"/>
						<SP ID="P341_SP00008" HPOS="891" VPOS="293" WIDTH="27"/>
						<String ID="P341_ST00011" HPOS="918" VPOS="265" WIDTH="18" HEIGHT="18" CONTENT="a" WC="1.00" CC="0"/>
						<SP ID="P341_SP00009" HPOS="936" VPOS="293" WIDTH="25"/>
						<String ID="P341_ST00012" HPOS="961" VPOS="252" WIDTH="124" HEIGHT="31" CONTENT="balloon" WC="0.82" CC="0006005"/>
						<SP ID="P341_SP00010" HPOS="1085" VPOS="293" WIDTH="32"/>
						<String ID="P341_ST00013" HPOS="1117" VPOS="261" WIDTH="31" HEIGHT="22" CONTENT="to" WC="1.00" CC="00"/>
						<SP ID="P341_SP00011" HPOS="1148" VPOS="293" WIDTH="31"/>
						<String ID="P341_ST00014" HPOS="1179" VPOS="251" WIDTH="121" HEIGHT="41" CONTENT="lighten" WC="0.66" CC="4093006"/>
						<SP ID="P341_SP00012" HPOS="1300" VPOS="293" WIDTH="26"/>
						<String ID="P341_ST00015" HPOS="1326" VPOS="251" WIDTH="29" HEIGHT="33" CONTENT="it," WC="0.97" CC="000"/>
					</TextLine>
					<TextLine ID="P341_TL00004" HPOS="123" VPOS="316" WIDTH="1235" HEIGHT="42">
						<String ID="P341_ST00016" HPOS="123" VPOS="327" WIDTH="35" HEIGHT="19" CONTENT="so" WC="1.00" CC="00"/>
						<SP ID="P341_SP00013" HPOS="158" VPOS="346" WIDTH="32"/>
						<String ID="P341_ST00017" HPOS="190" VPOS="327" WIDTH="47" HEIGHT="20" CONTENT="we" WC="1.00" CC="00"/>
						<SP ID="P341_SP00014" HPOS="237" VPOS="347" WIDTH="32"/>
						<String ID="P341_ST00018" HPOS="269" VPOS="318" WIDTH="134" HEIGHT="30" CONTENT="decided" WC="0.90" CC="0005010"/>
						<SP ID="P341_SP00015" HPOS="403" VPOS="348" WIDTH="33"/>
						<String ID="P341_ST00019" HPOS="436" VPOS="328" WIDTH="82" HEIGHT="29" CONTENT="upon" WC="0.86" CC="2003"/>
						<SP ID="P341_SP00016" HPOS="518" VPOS="357" WIDTH="32"/>
						<String ID="P341_ST00020" HPOS="550" VPOS="328" WIDTH="19" HEIGHT="18" CONTENT="a" WC="1.00" CC="0"/>
						<SP ID="P341_SP00017" HPOS="569" VPOS="357" WIDTH="31"/>
						<String ID="P341_ST00021" HPOS="600" VPOS="316" WIDTH="61" HEIGHT="31" CONTENT="still" WC="0.90" CC="05000"/>
						<SP ID="P341_SP00018" HPOS="661" VPOS="357" WIDTH="41"/>
						<String ID="P341_ST00022" HPOS="702" VPOS="317" WIDTH="118" HEIGHT="30" CONTENT="further" WC="0.61" CC="0566360"/>
						<SP ID="P341_SP00019" HPOS="820" VPOS="357" WIDTH="32"/>
						<String ID="P341_ST00023" HPOS="852" VPOS="317" WIDTH="162" HEIGHT="30" CONTENT="reduction" WC="0.82" CC="010500306"/>
						<SP ID="P341_SP00020" HPOS="1014" VPOS="357" WIDTH="36"/>
						<String ID="P341_ST00024" HPOS="1050" VPOS="317" WIDTH="35" HEIGHT="30" CONTENT="of" WC="1.00" CC="00"/>
						<SP ID="P341_SP00021" HPOS="1085" VPOS="357" WIDTH="27"/>
						<String ID="P341_ST00025" HPOS="1112" VPOS="317" WIDTH="225" HEIGHT="41" CONTENT="impedimenta" WC="0.89" CC="50000005010"/>
						<SP ID="P341_SP00022" HPOS="1337" VPOS="358" WIDTH="16"/>
						<String ID="P341_ST00026" HPOS="1353" VPOS="328" WIDTH="5" HEIGHT="22" CONTENT=";" WC="1.00" CC="0"/>
					</TextLine>
					<TextLine ID="P341_TL00005" HPOS="123" VPOS="381" WIDTH="1235" HEIGHT="32">
						<String ID="P341_ST00027" HPOS="123" VPOS="381" WIDTH="70" HEIGHT="32" CONTENT="and," WC="0.89" CC="0400"/>
						<SP ID="P341_SP00023" HPOS="193" VPOS="413" WIDTH="28"/>
						<String ID="P341_ST00028" HPOS="221" VPOS="389" WIDTH="31" HEIGHT="22" CONTENT="to" WC="1.00" CC="00"/>
						<SP ID="P341_SP00024" HPOS="252" VPOS="413" WIDTH="29"/>
						<String ID="P341_ST00029" HPOS="281" VPOS="381" WIDTH="62" HEIGHT="30" CONTENT="this" WC="0.78" CC="0440"/>
						<SP ID="P341_SP00025" HPOS="343" VPOS="413" WIDTH="24"/>
						<String ID="P341_ST00030" HPOS="367" VPOS="382" WIDTH="72" HEIGHT="31" CONTENT="end," WC="1.00" CC="0000"/>
						<SP ID="P341_SP00026" HPOS="439" VPOS="413" WIDTH="27"/>
						<String ID="P341_ST00031" HPOS="466" VPOS="381" WIDTH="165" HEIGHT="30" CONTENT="discarded" WC="0.87" CC="000505000"/>
						<SP ID="P341_SP00027" HPOS="631" VPOS="413" WIDTH="24"/>
						<String ID="P341_ST00032" HPOS="655" VPOS="381" WIDTH="54" HEIGHT="30" CONTENT="the" WC="0.83" CC="500"/>
						<SP ID="P341_SP00028" HPOS="709" VPOS="413" WIDTH="24"/>
						<String ID="P341_ST00033" HPOS="733" VPOS="382" WIDTH="97" HEIGHT="29" CONTENT="men's" WC="0.89" CC="00500"/>
						<SP ID="P341_SP00029" HPOS="830" VPOS="413" WIDTH="28"/>
						<String ID="P341_ST00034" HPOS="858" VPOS="389" WIDTH="83" HEIGHT="23" CONTENT="tents" WC="0.89" CC="50000"/>
						<SP ID="P341_SP00030" HPOS="941" VPOS="413" WIDTH="27"/>
						<String ID="P341_ST00035" HPOS="968" VPOS="382" WIDTH="61" HEIGHT="29" CONTENT="and" WC="0.89" CC="030"/>
						<SP ID="P341_SP00031" HPOS="1029" VPOS="413" WIDTH="28"/>
						<String ID="P341_ST00036" HPOS="1057" VPOS="393" WIDTH="33" HEIGHT="19" CONTENT="as" WC="0.81" CC="30"/>
						<SP ID="P341_SP00032" HPOS="1090" VPOS="413" WIDTH="28"/>
						<String ID="P341_ST00037" HPOS="1118" VPOS="382" WIDTH="92" HEIGHT="29" CONTENT="much" WC="0.92" CC="0300"/>
						<SP ID="P341_SP00033" HPOS="1210" VPOS="413" WIDTH="28"/>
						<String ID="P341_ST00038" HPOS="1238" VPOS="381" WIDTH="63" HEIGHT="30" CONTENT="else" WC="0.89" CC="0400"/>
						<SP ID="P341_SP00034" HPOS="1301" VPOS="413" WIDTH="24"/>
						<String ID="P341_ST00039" HPOS="1325" VPOS="391" WIDTH="33" HEIGHT="19" CONTENT="as" WC="0.95" CC="00"/>
					</TextLine>
				</TextBlock>
				<TextBlock ID="P341_TB00004" HPOS="123" VPOS="446" WIDTH="1234" HEIGHT="168" STYLEREFS="TXT_0 PAR_LEFT">
					<TextLine ID="P341_TL00006" HPOS="124" VPOS="446" WIDTH="1233" HEIGHT="41">
						<String ID="P341_ST00040" HPOS="124" VPOS="456" WIDTH="46" HEIGHT="20" CONTENT="we" WC="1.00" CC="00"/>
						<SP ID="P341_SP00035" HPOS="170" VPOS="476" WIDTH="21"/>
						<String ID="P341_ST00041" HPOS="191" VPOS="446" WIDTH="141" HEIGHT="39" CONTENT="possibly" WC="0.85" CC="00005060"/>
						<SP ID="P341_SP00036" HPOS="332" VPOS="485" WIDTH="25"/>
						<String ID="P341_ST00042" HPOS="357" VPOS="446" WIDTH="99" HEIGHT="30" CONTENT="could." WC="1.00" CC="000000"/>
						<SP ID="P341_SP00037" HPOS="456" VPOS="485" WIDTH="49"/>
						<String ID="P341_ST00043" HPOS="505" VPOS="446" WIDTH="69" HEIGHT="30" CONTENT="Our" WC="0.61" CC="334"/>
						<SP ID="P341_SP00038" HPOS="574" VPOS="485" WIDTH="28"/>
						<String ID="P341_ST00044" HPOS="602" VPOS="457" WIDTH="71" HEIGHT="19" CONTENT="men" WC="0.89" CC="003"/>
						<SP ID="P341_SP00039" HPOS="673" VPOS="485" WIDTH="33"/>
						<String ID="P341_ST00045" HPOS="706" VPOS="446" WIDTH="193" HEIGHT="30" CONTENT="themselves" WC="1.00" CC="0000000000"/>
						<SP ID="P341_SP00040" HPOS="899" VPOS="485" WIDTH="28"/>
						<String ID="P341_ST00046" HPOS="927" VPOS="447" WIDTH="157" HEIGHT="40" CONTENT="proposed" WC="0.93" CC="05000000"/>
						<SP ID="P341_SP00041" HPOS="1084" VPOS="487" WIDTH="28"/>
						<String ID="P341_ST00047" HPOS="1112" VPOS="447" WIDTH="75" HEIGHT="29" CONTENT="each" WC="0.75" CC="7002"/>
						<SP ID="P341_SP00042" HPOS="1187" VPOS="487" WIDTH="29"/>
						<String ID="P341_ST00048" HPOS="1216" VPOS="454" WIDTH="31" HEIGHT="22" CONTENT="to" WC="1.00" CC="00"/>
						<SP ID="P341_SP00043" HPOS="1247" VPOS="487" WIDTH="24"/>
						<String ID="P341_ST00049" HPOS="1271" VPOS="455" WIDTH="86" HEIGHT="28" CONTENT="carry" WC="0.88" CC="00410"/>
					</TextLine>
					<TextLine ID="P341_TL00007" HPOS="123" VPOS="508" WIDTH="1234" HEIGHT="43">
						<String ID="P341_ST00050" HPOS="123" VPOS="520" WIDTH="39" HEIGHT="19" CONTENT="an" WC="0.71" CC="05"/>
						<SP ID="P341_SP00044" HPOS="162" VPOS="539" WIDTH="17"/>
						<String ID="P341_ST00051" HPOS="179" VPOS="510" WIDTH="174" HEIGHT="30" CONTENT="additional" WC="0.90" CC="0004040000"/>
						<SP ID="P341_SP00045" HPOS="353" VPOS="540" WIDTH="18"/>
						<String ID="P341_ST00052" HPOS="371" VPOS="510" WIDTH="91" HEIGHT="30" CONTENT="share" WC="0.92" CC="00030"/>
						<SP ID="P341_SP00046" HPOS="462" VPOS="540" WIDTH="18"/>
						<String ID="P341_ST00053" HPOS="480" VPOS="510" WIDTH="35" HEIGHT="30" CONTENT="of" WC="1.00" CC="00"/>
						<SP ID="P341_SP00047" HPOS="515" VPOS="540" WIDTH="20"/>
						<String ID="P341_ST00054" HPOS="535" VPOS="510" WIDTH="53" HEIGHT="30" CONTENT="the" WC="1.00" CC="000"/>
						<SP ID="P341_SP00048" HPOS="588" VPOS="540" WIDTH="21"/>
						<String ID="P341_ST00055" HPOS="609" VPOS="510" WIDTH="184" HEIGHT="35" CONTENT="remainder," WC="0.87" CC="0000430050"/>
						<SP ID="P341_SP00049" HPOS="793" VPOS="545" WIDTH="19"/>
						<String ID="P341_ST00056" HPOS="812" VPOS="510" WIDTH="173" HEIGHT="41" CONTENT="preferring" WC="0.95" CC="0000002030"/>
						<SP ID="P341_SP00050" HPOS="985" VPOS="551" WIDTH="17"/>
						<String ID="P341_ST00057" HPOS="1002" VPOS="510" WIDTH="161" HEIGHT="31" CONTENT="increased" WC="0.99" CC="100000000"/>
						<SP ID="P341_SP00051" HPOS="1163" VPOS="551" WIDTH="25"/>
						<String ID="P341_ST00058" HPOS="1188" VPOS="508" WIDTH="169" HEIGHT="31" CONTENT="individual" WC="0.91" CC="0600000003"/>
					</TextLine>
					<TextLine ID="P341_TL00008" HPOS="124" VPOS="574" WIDTH="1233" HEIGHT="40">
						<String ID="P341_ST00059" HPOS="124" VPOS="574" WIDTH="88" HEIGHT="30" CONTENT="loads" WC="0.88" CC="00500"/>
						<SP ID="P341_SP00052" HPOS="212" VPOS="604" WIDTH="28"/>
						<String ID="P341_ST00060" HPOS="240" VPOS="581" WIDTH="32" HEIGHT="23" CONTENT="to" WC="1.00" CC="00"/>
						<SP ID="P341_SP00053" HPOS="272" VPOS="604" WIDTH="28"/>
						<String ID="P341_ST00061" HPOS="300" VPOS="575" WIDTH="127" HEIGHT="39" CONTENT="staying" WC="0.82" CC="0050060"/>
						<SP ID="P341_SP00054" HPOS="427" VPOS="614" WIDTH="24"/>
						<String ID="P341_ST00062" HPOS="451" VPOS="575" WIDTH="112" HEIGHT="39" CONTENT="longer" WC="0.95" CC="200000"/>
						<SP ID="P341_SP00055" HPOS="563" VPOS="614" WIDTH="25"/>
						<String ID="P341_ST00063" HPOS="588" VPOS="575" WIDTH="29" HEIGHT="28" CONTENT="in" WC="0.68" CC="06"/>
						<SP ID="P341_SP00056" HPOS="617" VPOS="614" WIDTH="26"/>
						<String ID="P341_ST00064" HPOS="643" VPOS="574" WIDTH="61" HEIGHT="30" CONTENT="this" WC="0.81" CC="0041"/>
						<SP ID="P341_SP00057" HPOS="704" VPOS="614" WIDTH="24"/>
						<String ID="P341_ST00065" HPOS="728" VPOS="574" WIDTH="95" HEIGHT="40" CONTENT="place." WC="0.89" CC="060000"/>
						<SP ID="P341_SP00058" HPOS="823" VPOS="614" WIDTH="49"/>
						<String ID="P341_ST00066" HPOS="872" VPOS="574" WIDTH="92" HEIGHT="40" CONTENT="They" WC="1.00" CC="0000"/>
						<SP ID="P341_SP00059" HPOS="964" VPOS="614" WIDTH="24"/>
						<String ID="P341_ST00067" HPOS="988" VPOS="574" WIDTH="62" HEIGHT="30" CONTENT="had" WC="0.82" CC="500"/>
						<SP ID="P341_SP00060" HPOS="1050" VPOS="614" WIDTH="24"/>
						<String ID="P341_ST00068" HPOS="1074" VPOS="586" WIDTH="70" HEIGHT="18" CONTENT="now" WC="0.74" CC="700"/>
						<SP ID="P341_SP00061" HPOS="1144" VPOS="614" WIDTH="23"/>
						<String ID="P341_ST00069" HPOS="1167" VPOS="574" WIDTH="81" HEIGHT="29" CONTENT="been" WC="0.91" CC="0003"/>
						<SP ID="P341_SP00062" HPOS="1248" VPOS="614" WIDTH="25"/>
						<String ID="P341_ST00070" HPOS="1273" VPOS="584" WIDTH="84" HEIGHT="19" CONTENT="more" WC="0.95" CC="0100"/>
					</TextLine>
				</TextBlock>
				<TextBlock ID="P341_TB00005" HPOS="126" VPOS="639" WIDTH="342" HEIGHT="288" STYLEREFS="TXT_0 PAR_LEFT">
					<TextLine ID="P341_TL00009" HPOS="126" VPOS="639" WIDTH="342" HEIGHT="30">
						<String ID="P341_ST00071" HPOS="126" VPOS="639" WIDTH="75" HEIGHT="30" CONTENT="than" WC="0.92" CC="3000"/>
						<SP ID="P341_SP00063" HPOS="201" VPOS="669" WIDTH="40"/>
						<String ID="P341_ST00072" HPOS="241" VPOS="647" WIDTH="62" HEIGHT="22" CONTENT="two" WC="0.94" CC="001"/>
						<SP ID="P341_SP00064" HPOS="303" VPOS="669" WIDTH="37"/>
						<String ID="P341_ST00073" HPOS="340" VPOS="640" WIDTH="128" HEIGHT="29" CONTENT="months" WC="0.91" CC="000050"/>
					</TextLine>
					<TextLine ID="P341_TL00010" HPOS="126" VPOS="704" WIDTH="342" HEIGHT="33">
						<String ID="P341_ST00074" HPOS="126" VPOS="714" WIDTH="41" HEIGHT="19" CONTENT="on" WC="0.64" CC="07"/>
						<SP ID="P341_SP00065" HPOS="167" VPOS="733" WIDTH="34"/>
						<String ID="P341_ST00075" HPOS="201" VPOS="704" WIDTH="53" HEIGHT="30" CONTENT="the" WC="1.00" CC="000"/>
						<SP ID="P341_SP00066" HPOS="254" VPOS="734" WIDTH="34"/>
						<String ID="P341_ST00076" HPOS="288" VPOS="704" WIDTH="83" HEIGHT="33" CONTENT="road," WC="1.00" CC="00000"/>
						<SP ID="P341_SP00067" HPOS="371" VPOS="737" WIDTH="34"/>
						<String ID="P341_ST00077" HPOS="405" VPOS="705" WIDTH="63" HEIGHT="29" CONTENT="and" WC="0.85" CC="220"/>
					</TextLine>
					<TextLine ID="P341_TL00011" HPOS="128" VPOS="769" WIDTH="340" HEIGHT="30">
						<String ID="P341_ST00078" HPOS="128" VPOS="780" WIDTH="80" HEIGHT="19" CONTENT="were" WC="0.88" CC="4000"/>
						<SP ID="P341_SP00068" HPOS="208" VPOS="799" WIDTH="48"/>
						<String ID="P341_ST00079" HPOS="256" VPOS="780" WIDTH="33" HEIGHT="18" CONTENT="as" WC="1.00" CC="00"/>
						<SP ID="P341_SP00069" HPOS="289" VPOS="799" WIDTH="46"/>
						<String ID="P341_ST00080" HPOS="335" VPOS="769" WIDTH="133" HEIGHT="30" CONTENT="anxious" WC="0.80" CC="0505200"/>
					</TextLine>
					<TextLine ID="P341_TL00012" HPOS="127" VPOS="834" WIDTH="341" HEIGHT="29">
						<String ID="P341_ST00081" HPOS="127" VPOS="842" WIDTH="32" HEIGHT="21" CONTENT="to" WC="1.00" CC="00"/>
						<SP ID="P341_SP00070" HPOS="159" VPOS="863" WIDTH="29"/>
						<String ID="P341_ST00082" HPOS="188" VPOS="834" WIDTH="92" HEIGHT="29" CONTENT="reach" WC="0.98" CC="00001"/>
						<SP ID="P341_SP00071" HPOS="280" VPOS="863" WIDTH="35"/>
						<String ID="P341_ST00083" HPOS="315" VPOS="834" WIDTH="91" HEIGHT="29" CONTENT="India" WC="0.89" CC="05000"/>
						<SP ID="P341_SP00072" HPOS="406" VPOS="863" WIDTH="30"/>
						<String ID="P341_ST00084" HPOS="436" VPOS="845" WIDTH="32" HEIGHT="18" CONTENT="as" WC="1.00" CC="00"/>
					</TextLine>
					<TextLine ID="P341_TL00013" HPOS="127" VPOS="897" WIDTH="171" HEIGHT="30">
						<String ID="P341_ST00085" HPOS="127" VPOS="897" WIDTH="171" HEIGHT="30" CONTENT="ourselves." WC="0.96" CC="0300000000"/>
					</TextLine>
				</TextBlock>
				<TextBlock ID="P341_TB00006" HPOS="192" VPOS="961" WIDTH="277" HEIGHT="30" STYLEREFS="TXT_0 PAR_LEFT">
					<TextLine ID="P341_TL00014" HPOS="192" VPOS="962" WIDTH="277" HEIGHT="29">
						<String ID="P341_ST00086" HPOS="192" VPOS="962" WIDTH="62" HEIGHT="29" CONTENT="We" WC="1.00" CC="00"/>
						<SP ID="P341_SP00073" HPOS="254" VPOS="991" WIDTH="22"/>
						<String ID="P341_ST00087" HPOS="276" VPOS="973" WIDTH="82" HEIGHT="18" CONTENT="were" WC="0.98" CC="0000"/>
						<SP ID="P341_SP00074" HPOS="358" VPOS="991" WIDTH="23"/>
						<String ID="P341_ST00088" HPOS="381" VPOS="962" WIDTH="88" HEIGHT="29" CONTENT="satis-" WC="1.00" CC="000000"/>
					</TextLine>
				</TextBlock>
				<TextBlock ID="P341_TB00007" HPOS="128" VPOS="1026" WIDTH="343" HEIGHT="685" STYLEREFS="TXT_1 PAR_LEFT">
					<TextLine ID="P341_TL00015" HPOS="129" VPOS="1026" WIDTH="342" HEIGHT="31">
						<String ID="P341_ST00089" HPOS="129" VPOS="1028" WIDTH="61" HEIGHT="29" CONTENT="fied" WC="0.93" CC="1100"/>
						<SP ID="P341_SP00075" HPOS="190" VPOS="1057" WIDTH="28"/>
						<String ID="P341_ST00090" HPOS="218" VPOS="1027" WIDTH="74" HEIGHT="29" CONTENT="with" WC="0.77" CC="0350"/>
						<SP ID="P341_SP00076" HPOS="292" VPOS="1057" WIDTH="27"/>
						<String ID="P341_ST00091" HPOS="319" VPOS="1027" WIDTH="53" HEIGHT="29" CONTENT="the" WC="1.00" CC="000"/>
						<SP ID="P341_SP00077" HPOS="372" VPOS="1057" WIDTH="25"/>
						<String ID="P341_ST00092" HPOS="397" VPOS="1026" WIDTH="74" HEIGHT="30" CONTENT="look" WC="0.64" CC="0094"/>
					</TextLine>
					<TextLine ID="P341_TL00016" HPOS="128" VPOS="1090" WIDTH="343" HEIGHT="37">
						<String ID="P341_ST00093" HPOS="128" VPOS="1092" WIDTH="35" HEIGHT="30" CONTENT="of" WC="0.70" CC="14"/>
						<SP ID="P341_SP00078" HPOS="163" VPOS="1122" WIDTH="23"/>
						<String ID="P341_ST00094" HPOS="186" VPOS="1103" WIDTH="58" HEIGHT="19" CONTENT="our" WC="0.96" CC="010"/>
						<SP ID="P341_SP00079" HPOS="244" VPOS="1122" WIDTH="27"/>
						<String ID="P341_ST00095" HPOS="271" VPOS="1091" WIDTH="104" HEIGHT="36" CONTENT="guide," WC="0.77" CC="055002"/>
						<SP ID="P341_SP00080" HPOS="375" VPOS="1127" WIDTH="25"/>
						<String ID="P341_ST00096" HPOS="400" VPOS="1090" WIDTH="71" HEIGHT="29" CONTENT="who" WC="1.00" CC="000"/>
					</TextLine>
					<TextLine ID="P341_TL00017" HPOS="129" VPOS="1155" WIDTH="342" HEIGHT="31">
						<String ID="P341_ST00097" HPOS="129" VPOS="1168" WIDTH="63" HEIGHT="18" CONTENT="was" WC="1.00" CC="000"/>
						<SP ID="P341_SP00081" HPOS="192" VPOS="1186" WIDTH="31"/>
						<String ID="P341_ST00098" HPOS="223" VPOS="1167" WIDTH="19" HEIGHT="18" CONTENT="a" WC="1.00" CC="0"/>
						<SP ID="P341_SP00082" HPOS="242" VPOS="1186" WIDTH="31"/>
						<String ID="P341_ST00099" HPOS="273" VPOS="1156" WIDTH="110" HEIGHT="30" CONTENT="robust" WC="0.92" CC="220000"/>
						<SP ID="P341_SP00083" HPOS="383" VPOS="1186" WIDTH="26"/>
						<String ID="P341_ST00100" HPOS="409" VPOS="1155" WIDTH="62" HEIGHT="29" CONTENT="and" WC="0.95" CC="010"/>
					</TextLine>
					<TextLine ID="P341_TL00018" HPOS="129" VPOS="1219" WIDTH="338" HEIGHT="31">
						<String ID="P341_ST00101" HPOS="129" VPOS="1221" WIDTH="174" HEIGHT="29" CONTENT="thick-set" WC="0.88" CC="004100030"/>
						<SP ID="P341_SP00084" HPOS="303" VPOS="1250" WIDTH="36"/>
						<String ID="P341_ST00102" HPOS="339" VPOS="1219" WIDTH="128" HEIGHT="31" CONTENT="fellow." WC="0.87" CC="0005003"/>
					</TextLine>
					<TextLine ID="P341_TL00019" HPOS="129" VPOS="1284" WIDTH="341" HEIGHT="31">
						<String ID="P341_ST00103" HPOS="129" VPOS="1286" WIDTH="76" HEIGHT="29" CONTENT="with" WC="0.48" CC="9405"/>
						<SP ID="P341_SP00085" HPOS="205" VPOS="1315" WIDTH="33"/>
						<String ID="P341_ST00104" HPOS="238" VPOS="1296" WIDTH="85" HEIGHT="19" CONTENT="more" WC="0.98" CC="0000"/>
						<SP ID="P341_SP00086" HPOS="323" VPOS="1315" WIDTH="32"/>
						<String ID="P341_ST00105" HPOS="355" VPOS="1285" WIDTH="35" HEIGHT="29" CONTENT="of" WC="1.00" CC="00"/>
						<SP ID="P341_SP00087" HPOS="390" VPOS="1315" WIDTH="27"/>
						<String ID="P341_ST00106" HPOS="417" VPOS="1284" WIDTH="53" HEIGHT="30" CONTENT="the" WC="0.79" CC="006"/>
					</TextLine>
					<TextLine ID="P341_TL00020" HPOS="130" VPOS="1349" WIDTH="341" HEIGHT="31">
						<String ID="P341_ST00107" HPOS="130" VPOS="1350" WIDTH="129" HEIGHT="30" CONTENT="hillman" WC="0.65" CC="0655007"/>
						<SP ID="P341_SP00088" HPOS="259" VPOS="1380" WIDTH="43"/>
						<String ID="P341_ST00108" HPOS="302" VPOS="1349" WIDTH="75" HEIGHT="31" CONTENT="than" WC="0.83" CC="0006"/>
						<SP ID="P341_SP00089" HPOS="377" VPOS="1380" WIDTH="41"/>
						<String ID="P341_ST00109" HPOS="418" VPOS="1349" WIDTH="53" HEIGHT="29" CONTENT="the" WC="0.95" CC="100"/>
					</TextLine>
					<TextLine ID="P341_TL00021" HPOS="129" VPOS="1413" WIDTH="340" HEIGHT="42">
						<String ID="P341_ST00110" HPOS="129" VPOS="1415" WIDTH="83" HEIGHT="40" CONTENT="plain" WC="0.97" CC="00001"/>
						<SP ID="P341_SP00090" HPOS="212" VPOS="1455" WIDTH="42"/>
						<String ID="P341_ST00111" HPOS="254" VPOS="1415" WIDTH="96" HEIGHT="29" CONTENT="about" WC="0.85" CC="43000"/>
						<SP ID="P341_SP00091" HPOS="350" VPOS="1455" WIDTH="46"/>
						<String ID="P341_ST00112" HPOS="396" VPOS="1413" WIDTH="73" HEIGHT="33" CONTENT="him," WC="0.78" CC="0404"/>
					</TextLine>
					<TextLine ID="P341_TL00022" HPOS="130" VPOS="1478" WIDTH="341" HEIGHT="41">
						<String ID="P341_ST00113" HPOS="130" VPOS="1478" WIDTH="223" HEIGHT="41" CONTENT="resembling" WC="0.84" CC="2000003540" STYLEREFS="TXT_0"/>
						<SP ID="P341_SP00092" HPOS="353" VPOS="1519" WIDTH="57"/>
						<String ID="P341_ST00114" HPOS="410" VPOS="1479" WIDTH="61" HEIGHT="29" CONTENT="the" WC="1.00" CC="000" STYLEREFS="TXT_0"/>
					</TextLine>
					<TextLine ID="P341_TL00023" HPOS="131" VPOS="1542" WIDTH="340" HEIGHT="42">
						<String ID="P341_ST00115" HPOS="131" VPOS="1544" WIDTH="186" HEIGHT="40" CONTENT="Singphos" WC="0.88" CC="00600200" STYLEREFS="TXT_0"/>
						<SP ID="P341_SP00093" HPOS="317" VPOS="1584" WIDTH="33"/>
						<String ID="P341_ST00116" HPOS="350" VPOS="1542" WIDTH="121" HEIGHT="30" CONTENT="rather" WC="1.00" CC="000000" STYLEREFS="TXT_0"/>
					</TextLine>
					<TextLine ID="P341_TL00024" HPOS="129" VPOS="1608" WIDTH="342" HEIGHT="34">
						<String ID="P341_ST00117" HPOS="129" VPOS="1608" WIDTH="76" HEIGHT="31" CONTENT="than" WC="0.67" CC="4026" STYLEREFS="TXT_0"/>
						<SP ID="P341_SP00094" HPOS="205" VPOS="1639" WIDTH="24"/>
						<String ID="P341_ST00118" HPOS="229" VPOS="1608" WIDTH="54" HEIGHT="30" CONTENT="the" WC="0.80" CC="050" STYLEREFS="TXT_0"/>
						<SP ID="P341_SP00095" HPOS="283" VPOS="1639" WIDTH="27"/>
						<String ID="P341_ST00119" HPOS="310" VPOS="1608" WIDTH="79" HEIGHT="34" CONTENT="Pais," WC="0.80" CC="00900" STYLEREFS="TXT_0"/>
						<SP ID="P341_SP00096" HPOS="389" VPOS="1642" WIDTH="20"/>
						<String ID="P341_ST00120" HPOS="409" VPOS="1608" WIDTH="62" HEIGHT="29" CONTENT="and" WC="1.00" CC="000" STYLEREFS="TXT_0"/>
					</TextLine>
					<TextLine ID="P341_TL00025" HPOS="129" VPOS="1672" WIDTH="341" HEIGHT="39">
						<String ID="P341_ST00121" HPOS="129" VPOS="1673" WIDTH="220" HEIGHT="38" CONTENT="acquainted" WC="0.92" CC="0000050200" STYLEREFS="TXT_0"/>
						<SP ID="P341_SP00097" HPOS="349" VPOS="1711" WIDTH="37"/>
						<String ID="P341_ST00122" HPOS="386" VPOS="1672" WIDTH="84" HEIGHT="30" CONTENT="with" WC="0.84" CC="0600" STYLEREFS="TXT_0"/>
					</TextLine>
				</TextBlock>
				<TextBlock ID="P341_TB00008" HPOS="743" VPOS="1658" WIDTH="466" HEIGHT="26" STYLEREFS="TXT_1 PAR_RIGHT">
					<TextLine ID="P341_TL00026" HPOS="743" VPOS="1658" WIDTH="466" HEIGHT="26">
						<String ID="P341_ST00123" HPOS="743" VPOS="1659" WIDTH="152" HEIGHT="25" CONTENT="Poulanghing," WC="0.58" CC="434051990090"/>
						<SP ID="P341_SP00098" HPOS="895" VPOS="1684" WIDTH="17"/>
						<String ID="P341_ST00124" HPOS="912" VPOS="1666" WIDTH="37" HEIGHT="12" CONTENT="our" WC="0.57" CC="066"/>
						<SP ID="P341_SP00099" HPOS="949" VPOS="1684" WIDTH="15"/>
						<String ID="P341_ST00125" HPOS="964" VPOS="1658" WIDTH="69" HEIGHT="21" CONTENT="Guide" WC="0.72" CC="15006"/>
						<SP ID="P341_SP00100" HPOS="1033" VPOS="1684" WIDTH="15"/>
						<String ID="P341_ST00126" HPOS="1048" VPOS="1660" WIDTH="53" HEIGHT="18" CONTENT="from" WC="0.53" CC="5444"/>
						<SP ID="P341_SP00101" HPOS="1101" VPOS="1684" WIDTH="17"/>
						<String ID="P341_ST00127" HPOS="1118" VPOS="1658" WIDTH="91" HEIGHT="20" CONTENT="Khamti." WC="0.60" CC="0086561"/>
					</TextLine>
				</TextBlock>
				<TextBlock ID="P341_TB00009" HPOS="129" VPOS="1733" WIDTH="1233" HEIGHT="107" STYLEREFS="TXT_0 PAR_LEFT">
					<TextLine ID="P341_TL00027" HPOS="129" VPOS="1734" WIDTH="1233" HEIGHT="40">
						<String ID="P341_ST00128" HPOS="129" VPOS="1737" WIDTH="54" HEIGHT="30" CONTENT="the" WC="0.97" CC="000"/>
						<SP ID="P341_SP00102" HPOS="183" VPOS="1767" WIDTH="32"/>
						<String ID="P341_ST00129" HPOS="215" VPOS="1736" WIDTH="114" HEIGHT="30" CONTENT="dialect" WC="0.88" CC="0502000"/>
						<SP ID="P341_SP00103" HPOS="329" VPOS="1767" WIDTH="32"/>
						<String ID="P341_ST00130" HPOS="361" VPOS="1735" WIDTH="33" HEIGHT="31" CONTENT="of" WC="0.91" CC="01"/>
						<SP ID="P341_SP00104" HPOS="394" VPOS="1767" WIDTH="30"/>
						<String ID="P341_ST00131" HPOS="424" VPOS="1736" WIDTH="53" HEIGHT="29" CONTENT="the" WC="1.00" CC="000"/>
						<SP ID="P341_SP00105" HPOS="477" VPOS="1767" WIDTH="32"/>
						<String ID="P341_ST00132" HPOS="509" VPOS="1735" WIDTH="123" HEIGHT="30" CONTENT="former." WC="0.89" CC="4000030"/>
						<SP ID="P341_SP00106" HPOS="632" VPOS="1767" WIDTH="52"/>
						<String ID="P341_ST00133" HPOS="684" VPOS="1735" WIDTH="53" HEIGHT="29" CONTENT="He" WC="1.00" CC="00"/>
						<SP ID="P341_SP00107" HPOS="737" VPOS="1767" WIDTH="25"/>
						<String ID="P341_ST00134" HPOS="762" VPOS="1746" WIDTH="63" HEIGHT="18" CONTENT="was" WC="0.77" CC="060"/>
						<SP ID="P341_SP00108" HPOS="825" VPOS="1767" WIDTH="33"/>
						<String ID="P341_ST00135" HPOS="858" VPOS="1742" WIDTH="31" HEIGHT="22" CONTENT="to" WC="0.92" CC="01"/>
						<SP ID="P341_SP00109" HPOS="889" VPOS="1767" WIDTH="27"/>
						<String ID="P341_ST00136" HPOS="916" VPOS="1746" WIDTH="193" HEIGHT="28" CONTENT="accompany" WC="0.91" CC="000100060"/>
						<SP ID="P341_SP00110" HPOS="1109" VPOS="1774" WIDTH="27"/>
						<String ID="P341_ST00137" HPOS="1136" VPOS="1746" WIDTH="37" HEIGHT="17" CONTENT="us" WC="0.69" CC="60"/>
						<SP ID="P341_SP00111" HPOS="1173" VPOS="1774" WIDTH="27"/>
						<String ID="P341_ST00138" HPOS="1200" VPOS="1746" WIDTH="34" HEIGHT="17" CONTENT="as" WC="1.00" CC="00"/>
						<SP ID="P341_SP00112" HPOS="1234" VPOS="1774" WIDTH="27"/>
						<String ID="P341_ST00139" HPOS="1261" VPOS="1734" WIDTH="45" HEIGHT="29" CONTENT="far" WC="0.86" CC="004"/>
						<SP ID="P341_SP00113" HPOS="1306" VPOS="1774" WIDTH="23"/>
						<String ID="P341_ST00140" HPOS="1329" VPOS="1745" WIDTH="33" HEIGHT="18" CONTENT="as" WC="1.00" CC="00"/>
					</TextLine>
					<TextLine ID="P341_TL00028" HPOS="132" VPOS="1798" WIDTH="931" HEIGHT="42">
						<String ID="P341_ST00141" HPOS="132" VPOS="1801" WIDTH="191" HEIGHT="39" CONTENT="Dibrugarh," WC="0.87" CC="0005500200"/>
						<SP ID="P341_SP00114" HPOS="323" VPOS="1840" WIDTH="28"/>
						<String ID="P341_ST00142" HPOS="351" VPOS="1801" WIDTH="104" HEIGHT="29" CONTENT="where" WC="0.99" CC="00000"/>
						<SP ID="P341_SP00115" HPOS="455" VPOS="1840" WIDTH="25"/>
						<String ID="P341_ST00143" HPOS="480" VPOS="1812" WIDTH="46" HEIGHT="18" CONTENT="we" WC="1.00" CC="00"/>
						<SP ID="P341_SP00116" HPOS="526" VPOS="1840" WIDTH="24"/>
						<String ID="P341_ST00144" HPOS="550" VPOS="1800" WIDTH="105" HEIGHT="40" CONTENT="hoped" WC="1.00" CC="00000"/>
						<SP ID="P341_SP00117" HPOS="655" VPOS="1840" WIDTH="25"/>
						<String ID="P341_ST00145" HPOS="680" VPOS="1807" WIDTH="31" HEIGHT="22" CONTENT="to" WC="1.00" CC="00"/>
						<SP ID="P341_SP00118" HPOS="711" VPOS="1840" WIDTH="25"/>
						<String ID="P341_ST00146" HPOS="736" VPOS="1799" WIDTH="92" HEIGHT="30" CONTENT="reach" WC="0.97" CC="00001"/>
						<SP ID="P341_SP00119" HPOS="828" VPOS="1840" WIDTH="25"/>
						<String ID="P341_ST00147" HPOS="853" VPOS="1799" WIDTH="52" HEIGHT="30" CONTENT="the" WC="0.99" CC="000"/>
						<SP ID="P341_SP00120" HPOS="905" VPOS="1840" WIDTH="25"/>
						<String ID="P341_ST00148" HPOS="930" VPOS="1798" WIDTH="133" HEIGHT="41" CONTENT="railway." WC="0.75" CC="28500002"/>
					</TextLine>
				</TextBlock>
				<TextBlock ID="P341_TB00010" HPOS="129" VPOS="1863" WIDTH="1240" HEIGHT="299" STYLEREFS="TXT_0 PAR_LEFT">
					<TextLine ID="P341_TL00029" HPOS="195" VPOS="1863" WIDTH="1170" HEIGHT="40">
						<String ID="P341_ST00149" HPOS="195" VPOS="1866" WIDTH="50" HEIGHT="30" CONTENT="To" WC="0.89" CC="02"/>
						<SP ID="P341_SP00121" HPOS="245" VPOS="1896" WIDTH="25"/>
						<String ID="P341_ST00150" HPOS="270" VPOS="1865" WIDTH="42" HEIGHT="30" CONTENT="fill" WC="0.60" CC="2246"/>
						<SP ID="P341_SP00122" HPOS="312" VPOS="1896" WIDTH="24"/>
						<String ID="P341_ST00151" HPOS="336" VPOS="1865" WIDTH="53" HEIGHT="30" CONTENT="the" WC="0.87" CC="300"/>
						<SP ID="P341_SP00123" HPOS="389" VPOS="1896" WIDTH="24"/>
						<String ID="P341_ST00152" HPOS="413" VPOS="1865" WIDTH="165" HEIGHT="30" CONTENT="afternoon" WC="0.90" CC="000030006"/>
						<SP ID="P341_SP00124" HPOS="578" VPOS="1896" WIDTH="26"/>
						<String ID="P341_ST00153" HPOS="604" VPOS="1864" WIDTH="106" HEIGHT="31" CONTENT="before" WC="0.92" CC="000050"/>
						<SP ID="P341_SP00125" HPOS="710" VPOS="1896" WIDTH="25"/>
						<String ID="P341_ST00154" HPOS="735" VPOS="1876" WIDTH="57" HEIGHT="19" CONTENT="our" WC="0.95" CC="000"/>
						<SP ID="P341_SP00126" HPOS="792" VPOS="1896" WIDTH="27"/>
						<String ID="P341_ST00155" HPOS="819" VPOS="1863" WIDTH="100" HEIGHT="31" CONTENT="actual" WC="0.99" CC="000000"/>
						<SP ID="P341_SP00127" HPOS="919" VPOS="1896" WIDTH="28"/>
						<String ID="P341_ST00156" HPOS="947" VPOS="1871" WIDTH="85" HEIGHT="27" CONTENT="start," WC="1.00" CC="000000"/>
						<SP ID="P341_SP00128" HPOS="1032" VPOS="1898" WIDTH="32"/>
						<String ID="P341_ST00157" HPOS="1064" VPOS="1863" WIDTH="10" HEIGHT="30" CONTENT="I" WC="1.00" CC="0"/>
						<SP ID="P341_SP00129" HPOS="1074" VPOS="1898" WIDTH="28"/>
						<String ID="P341_ST00158" HPOS="1102" VPOS="1863" WIDTH="72" HEIGHT="40" CONTENT="paid" WC="0.82" CC="0150"/>
						<SP ID="P341_SP00130" HPOS="1174" VPOS="1903" WIDTH="21"/>
						<String ID="P341_ST00159" HPOS="1195" VPOS="1874" WIDTH="18" HEIGHT="19" CONTENT="a" WC="1.00" CC="0"/>
						<SP ID="P341_SP00131" HPOS="1213" VPOS="1903" WIDTH="24"/>
						<String ID="P341_ST00160" HPOS="1237" VPOS="1863" WIDTH="72" HEIGHT="29" CONTENT="visit" WC="0.90" CC="00040"/>
						<SP ID="P341_SP00132" HPOS="1309" VPOS="1903" WIDTH="24"/>
						<String ID="P341_ST00161" HPOS="1333" VPOS="1870" WIDTH="32" HEIGHT="22" CONTENT="to" WC="1.00" CC="00"/>
					</TextLine>
					<TextLine ID="P341_TL00030" HPOS="129" VPOS="1927" WIDTH="1237" HEIGHT="43">
						<String ID="P341_ST00162" HPOS="129" VPOS="1930" WIDTH="54" HEIGHT="31" CONTENT="the" WC="1.00" CC="000"/>
						<SP ID="P341_SP00133" HPOS="183" VPOS="1961" WIDTH="32"/>
						<String ID="P341_ST00163" HPOS="215" VPOS="1929" WIDTH="115" HEIGHT="41" CONTENT="village" WC="0.93" CC="0022000"/>
						<SP ID="P341_SP00134" HPOS="330" VPOS="1970" WIDTH="31"/>
						<String ID="P341_ST00164" HPOS="361" VPOS="1929" WIDTH="36" HEIGHT="31" CONTENT="of" WC="1.00" CC="00"/>
						<SP ID="P341_SP00135" HPOS="397" VPOS="1970" WIDTH="29"/>
						<String ID="P341_ST00165" HPOS="426" VPOS="1928" WIDTH="138" HEIGHT="36" CONTENT="Panlian," WC="0.77" CC="00705014"/>
						<SP ID="P341_SP00136" HPOS="564" VPOS="1970" WIDTH="32"/>
						<String ID="P341_ST00166" HPOS="596" VPOS="1929" WIDTH="97" HEIGHT="30" CONTENT="about" WC="0.87" CC="00060"/>
						<SP ID="P341_SP00137" HPOS="693" VPOS="1970" WIDTH="32"/>
						<String ID="P341_ST00167" HPOS="725" VPOS="1928" WIDTH="87" HEIGHT="31" CONTENT="three" WC="0.91" CC="00400"/>
						<SP ID="P341_SP00138" HPOS="812" VPOS="1970" WIDTH="14"/>
						<String ID="P341_ST00168" HPOS="826" VPOS="1948" WIDTH="10" HEIGHT="2" CONTENT="-" WC="0.55" CC="4"/>
						<SP ID="P341_SP00139" HPOS="836" VPOS="1970" WIDTH="13"/>
						<String ID="P341_ST00169" HPOS="849" VPOS="1935" WIDTH="143" HEIGHT="33" CONTENT="quarters" WC="0.87" CC="01800000"/>
						<SP ID="P341_SP00140" HPOS="992" VPOS="1970" WIDTH="37"/>
						<String ID="P341_ST00170" HPOS="1029" VPOS="1928" WIDTH="35" HEIGHT="29" CONTENT="of" WC="1.00" CC="00"/>
						<SP ID="P341_SP00141" HPOS="1064" VPOS="1970" WIDTH="34"/>
						<String ID="P341_ST00171" HPOS="1098" VPOS="1939" WIDTH="18" HEIGHT="18" CONTENT="a" WC="1.00" CC="0"/>
						<SP ID="P341_SP00142" HPOS="1116" VPOS="1970" WIDTH="31"/>
						<String ID="P341_ST00172" HPOS="1147" VPOS="1927" WIDTH="71" HEIGHT="30" CONTENT="mile" WC="1.00" CC="0000"/>
						<SP ID="P341_SP00143" HPOS="1218" VPOS="1970" WIDTH="32"/>
						<String ID="P341_ST00173" HPOS="1250" VPOS="1934" WIDTH="32" HEIGHT="23" CONTENT="to" WC="0.84" CC="03"/>
						<SP ID="P341_SP00144" HPOS="1282" VPOS="1970" WIDTH="31"/>
						<String ID="P341_ST00174" HPOS="1313" VPOS="1927" WIDTH="53" HEIGHT="30" CONTENT="the" WC="1.00" CC="000"/>
					</TextLine>
					<TextLine ID="P341_TL00031" HPOS="129" VPOS="1991" WIDTH="1240" HEIGHT="43">
						<String ID="P341_ST00175" HPOS="129" VPOS="1995" WIDTH="104" HEIGHT="30" CONTENT="south." WC="0.87" CC="002500"/>
						<SP ID="P341_SP00145" HPOS="233" VPOS="2025" WIDTH="64"/>
						<String ID="P341_ST00176" HPOS="297" VPOS="1995" WIDTH="35" HEIGHT="29" CONTENT="In" WC="0.94" CC="01"/>
						<SP ID="P341_SP00146" HPOS="332" VPOS="2025" WIDTH="29"/>
						<String ID="P341_ST00177" HPOS="361" VPOS="1994" WIDTH="53" HEIGHT="30" CONTENT="the" WC="0.95" CC="010"/>
						<SP ID="P341_SP00147" HPOS="414" VPOS="2025" WIDTH="31"/>
						<String ID="P341_ST00178" HPOS="445" VPOS="1995" WIDTH="126" HEIGHT="39" CONTENT="pagoda" WC="1.00" CC="000000"/>
						<SP ID="P341_SP00148" HPOS="571" VPOS="2034" WIDTH="28"/>
						<String ID="P341_ST00179" HPOS="599" VPOS="1995" WIDTH="74" HEIGHT="29" CONTENT="here" WC="1.00" CC="0000"/>
						<SP ID="P341_SP00149" HPOS="673" VPOS="2034" WIDTH="29"/>
						<String ID="P341_ST00180" HPOS="702" VPOS="1994" WIDTH="52" HEIGHT="29" CONTENT="the" WC="0.80" CC="050"/>
						<SP ID="P341_SP00150" HPOS="754" VPOS="2034" WIDTH="28"/>
						<String ID="P341_ST00181" HPOS="782" VPOS="1994" WIDTH="117" HEIGHT="29" CONTENT="bonzes" WC="1.00" CC="000000"/>
						<SP ID="P341_SP00151" HPOS="899" VPOS="2034" WIDTH="28"/>
						<String ID="P341_ST00182" HPOS="927" VPOS="1993" WIDTH="62" HEIGHT="29" CONTENT="had" WC="1.00" CC="000"/>
						<SP ID="P341_SP00152" HPOS="989" VPOS="2034" WIDTH="29"/>
						<String ID="P341_ST00183" HPOS="1018" VPOS="2004" WIDTH="17" HEIGHT="18" CONTENT="a" WC="1.00" CC="0"/>
						<SP ID="P341_SP00153" HPOS="1035" VPOS="2034" WIDTH="29"/>
						<String ID="P341_ST00184" HPOS="1064" VPOS="1992" WIDTH="85" HEIGHT="41" CONTENT="large" WC="0.88" CC="50000"/>
						<SP ID="P341_SP00154" HPOS="1149" VPOS="2034" WIDTH="29"/>
						<String ID="P341_ST00185" HPOS="1178" VPOS="1992" WIDTH="131" HEIGHT="30" CONTENT="number" WC="0.92" CC="400000"/>
						<SP ID="P341_SP00155" HPOS="1309" VPOS="2034" WIDTH="27"/>
						<String ID="P341_ST00186" HPOS="1336" VPOS="1991" WIDTH="33" HEIGHT="30" CONTENT="of" WC="1.00" CC="00"/>
					</TextLine>
					<TextLine ID="P341_TL00032" HPOS="129" VPOS="2057" WIDTH="1238" HEIGHT="43">
						<String ID="P341_ST00187" HPOS="129" VPOS="2059" WIDTH="136" HEIGHT="41" CONTENT="puppies" WC="0.91" CC="0000600"/>
						<SP ID="P341_SP00156" HPOS="265" VPOS="2100" WIDTH="12"/>
						<String ID="P341_ST00188" HPOS="277" VPOS="2077" WIDTH="40" HEIGHT="3" CONTENT="—" WC="0.20" CC="8"/>
						<SP ID="P341_SP00157" HPOS="317" VPOS="2100" WIDTH="12"/>
						<String ID="P341_ST00189" HPOS="329" VPOS="2069" WIDTH="19" HEIGHT="19" CONTENT="a" WC="1.00" CC="0"/>
						<SP ID="P341_SP00158" HPOS="348" VPOS="2100" WIDTH="30"/>
						<String ID="P341_ST00190" HPOS="378" VPOS="2058" WIDTH="125" HEIGHT="41" CONTENT="regular" WC="0.90" CC="0003002"/>
						<SP ID="P341_SP00159" HPOS="503" VPOS="2100" WIDTH="29"/>
						<String ID="P341_ST00191" HPOS="532" VPOS="2058" WIDTH="88" HEIGHT="41" CONTENT="dogs'" WC="0.94" CC="00003"/>
						<SP ID="P341_SP00160" HPOS="620" VPOS="2100" WIDTH="33"/>
						<String ID="P341_ST00192" HPOS="653" VPOS="2058" WIDTH="100" HEIGHT="30" CONTENT="home." WC="0.95" CC="20000"/>
						<SP ID="P341_SP00161" HPOS="753" VPOS="2100" WIDTH="67"/>
						<String ID="P341_ST00193" HPOS="820" VPOS="2058" WIDTH="10" HEIGHT="29" CONTENT="I" WC="1.00" CC="0"/>
						<SP ID="P341_SP00162" HPOS="830" VPOS="2100" WIDTH="34"/>
						<String ID="P341_ST00194" HPOS="864" VPOS="2068" WIDTH="63" HEIGHT="19" CONTENT="was" WC="1.00" CC="000"/>
						<SP ID="P341_SP00163" HPOS="927" VPOS="2100" WIDTH="31"/>
						<String ID="P341_ST00195" HPOS="958" VPOS="2057" WIDTH="172" HEIGHT="31" CONTENT="interested" WC="0.92" CC="5000100000"/>
						<SP ID="P341_SP00164" HPOS="1130" VPOS="2100" WIDTH="32"/>
						<String ID="P341_ST00196" HPOS="1162" VPOS="2057" WIDTH="29" HEIGHT="30" CONTENT="in" WC="0.66" CC="60"/>
						<SP ID="P341_SP00165" HPOS="1191" VPOS="2100" WIDTH="30"/>
						<String ID="P341_ST00197" HPOS="1221" VPOS="2068" WIDTH="18" HEIGHT="18" CONTENT="a" WC="1.00" CC="0"/>
						<SP ID="P341_SP00166" HPOS="1239" VPOS="2100" WIDTH="23"/>
						<String ID="P341_ST00198" HPOS="1262" VPOS="2067" WIDTH="105" HEIGHT="29" CONTENT="sugar" SUBS_TYPE="HypPart1" SUBS_CONTENT="sugarcane" WC="0.85" CC="020060"/>
						<HYP CONTENT="-"/>
					</TextLine>
					<TextLine ID="P341_TL00033" HPOS="129" VPOS="2121" WIDTH="1239" HEIGHT="41">
						<String ID="P341_ST00199" HPOS="129" VPOS="2135" WIDTH="78" HEIGHT="20" CONTENT="cane" SUBS_TYPE="HypPart2" SUBS_CONTENT="sugarcane" WC="0.80" CC="0070"/>
						<SP ID="P341_SP00167" HPOS="207" VPOS="2155" WIDTH="31"/>
						<String ID="P341_ST00200" HPOS="238" VPOS="2134" WIDTH="90" HEIGHT="28" CONTENT="press" WC="1.00" CC="00000"/>
						<SP ID="P341_SP00168" HPOS="328" VPOS="2162" WIDTH="32"/>
						<String ID="P341_ST00201" HPOS="360" VPOS="2122" WIDTH="29" HEIGHT="29" CONTENT="in" WC="0.70" CC="05"/>
						<SP ID="P341_SP00169" HPOS="389" VPOS="2162" WIDTH="33"/>
						<String ID="P341_ST00202" HPOS="422" VPOS="2122" WIDTH="52" HEIGHT="30" CONTENT="the" WC="0.90" CC="200"/>
						<SP ID="P341_SP00170" HPOS="474" VPOS="2162" WIDTH="31"/>
						<String ID="P341_ST00203" HPOS="505" VPOS="2122" WIDTH="175" HEIGHT="40" CONTENT="courtyard." WC="0.99" CC="0100000000"/>
						<SP ID="P341_SP00171" HPOS="680" VPOS="2162" WIDTH="61"/>
						<String ID="P341_ST00204" HPOS="741" VPOS="2122" WIDTH="80" HEIGHT="30" CONTENT="Two" WC="0.63" CC="092"/>
						<SP ID="P341_SP00172" HPOS="821" VPOS="2162" WIDTH="32"/>
						<String ID="P341_ST00205" HPOS="853" VPOS="2130" WIDTH="95" HEIGHT="31" CONTENT="posts," WC="0.96" CC="000002"/>
						<SP ID="P341_SP00173" HPOS="948" VPOS="2162" WIDTH="27"/>
						<String ID="P341_ST00206" HPOS="975" VPOS="2133" WIDTH="60" HEIGHT="19" CONTENT="one" WC="1.00" CC="000"/>
						<SP ID="P341_SP00174" HPOS="1035" VPOS="2162" WIDTH="32"/>
						<String ID="P341_ST00207" HPOS="1067" VPOS="2121" WIDTH="128" HEIGHT="31" CONTENT="vertical" WC="0.84" CC="00630002"/>
						<SP ID="P341_SP00175" HPOS="1195" VPOS="2162" WIDTH="31"/>
						<String ID="P341_ST00208" HPOS="1226" VPOS="2121" WIDTH="62" HEIGHT="30" CONTENT="and" WC="1.00" CC="000"/>
						<SP ID="P341_SP00176" HPOS="1288" VPOS="2162" WIDTH="29"/>
						<String ID="P341_ST00209" HPOS="1317" VPOS="2121" WIDTH="51" HEIGHT="29" CONTENT="the" WC="0.86" CC="040"/>
					</TextLine>
				</TextBlock>
				<ComposedBlock ID="P341_CB00001" HPOS="573" VPOS="708" WIDTH="853" HEIGHT="915" STYLEREFS="TXT_2 PAR_LEFT" TYPE="Illustration">
					<GraphicalElement ID="P341_CB00001_SUB" HPOS="573" VPOS="708" WIDTH="853" HEIGHT="915"/>
				</ComposedBlock>
			</PrintSpace>
		</Page>
	</Layout>
</alto>
