<?xml version="1.0" encoding="UTF-8"?>
<alto xmlns:xsi="http://www.w3.org/2001/XMLSchema-instance" xsi:noNamespaceSchemaLocation="http://www.bl.uk/schemas/alto/alto-1-4.xsd" xmlns:xlink="http://www.w3.org/1999/xlink">
	<Description>
		<MeasurementUnit>mm10</MeasurementUnit>
		<sourceImageInformation>
			<fileName>//head1/IN/2008-10/A0011321378/004796_FO_00.tif</fileName>
		</sourceImageInformation>
		<OCRProcessing ID="OCRPROCESSING_1">
			<preProcessingStep>
				<processingSoftware>
					<softwareCreator>CCS Content Conversion Specialists GmbH, Germany</softwareCreator>
					<softwareName>CCS docWORKS</softwareName>
					<softwareVersion>6.1-0.67</softwareVersion>
				</processingSoftware>
			</preProcessingStep>
			<ocrProcessingStep>
				<processingSoftware>
					<softwareCreator>ABBYY (BIT Software), Russia</softwareCreator>
					<softwareName>Finereader</softwareName>
				</processingSoftware>
			</ocrProcessingStep>
		</OCRProcessing>
	</Description>
	<Styles>
		<TextStyle ID="TXT_0" FONTSIZE="10" FONTFAMILY="Courier New"/>
		<TextStyle ID="TXT_1" FONTSIZE="11" FONTFAMILY="Courier New"/>
		<ParagraphStyle ID="PAR_CENTER" ALIGN="Center"/>
		<ParagraphStyle ID="PAR_LEFT" ALIGN="Left"/>
	</Styles>
	<Layout>
		<Page ID="P477" PHYSICAL_IMG_NR="477" HEIGHT="2322" WIDTH="2478" POSITION="Foldout" ACCURACY="43.54">
			<TopMargin ID="P477_TM00001" HPOS="0" VPOS="0" WIDTH="2478" HEIGHT="12"/>
			<LeftMargin ID="P477_LM00001" HPOS="0" VPOS="12" WIDTH="12" HEIGHT="2290"/>
			<RightMargin ID="P477_RM00001" HPOS="2463" VPOS="12" WIDTH="15" HEIGHT="2290"/>
			<BottomMargin ID="P477_BM00001" HPOS="0" VPOS="2302" WIDTH="2478" HEIGHT="20"/>
			<PrintSpace ID="P477_PS00001" HPOS="12" VPOS="12" WIDTH="2451" HEIGHT="2290">
				<TextBlock ID="P477_TB00001" HPOS="994" VPOS="2272" WIDTH="528" HEIGHT="30" STYLEREFS="TXT_0 PAR_CENTER">
					<TextLine ID="P477_TL00001" HPOS="997" VPOS="2275" WIDTH="469" HEIGHT="20">
						<String ID="P477_ST00001" HPOS="997" VPOS="2281" WIDTH="57" HEIGHT="14" CONTENT="/'///;,," WC="0.41" CC="60779744"/>
						<SP ID="P477_SP00001" HPOS="1054" VPOS="2295" WIDTH="19"/>
						<String ID="P477_ST00002" HPOS="1073" VPOS="2278" WIDTH="60" HEIGHT="16" CONTENT="lliiirv" WC="0.50" CC="7306097"/>
						<SP ID="P477_SP00002" HPOS="1133" VPOS="2295" WIDTH="16"/>
						<String ID="P477_ST00003" HPOS="1149" VPOS="2278" WIDTH="23" HEIGHT="15" CONTENT="ul'" WC="0.63" CC="820"/>
						<SP ID="P477_SP00003" HPOS="1172" VPOS="2295" WIDTH="12"/>
						<String ID="P477_ST00004" HPOS="1184" VPOS="2278" WIDTH="75" HEIGHT="15" CONTENT="Ot/mux" WC="0.31" CC="970788"/>
						<SP ID="P477_SP00004" HPOS="1259" VPOS="2295" WIDTH="16"/>
						<String ID="P477_ST00005" HPOS="1275" VPOS="2277" WIDTH="49" HEIGHT="16" CONTENT="llniiti" WC="0.29" CC="5887676"/>
						<SP ID="P477_SP00005" HPOS="1324" VPOS="2295" WIDTH="19"/>
						<String ID="P477_ST00006" HPOS="1343" VPOS="2276" WIDTH="63" HEIGHT="15" CONTENT=".aIiiiiaii" WC="0.52" CC="4139007776"/>
						<SP ID="P477_SP00006" HPOS="1406" VPOS="2295" WIDTH="19"/>
						<String ID="P477_ST00007" HPOS="1425" VPOS="2275" WIDTH="41" HEIGHT="16" CONTENT="IlillS" WC="0.39" CC="470869"/>
						<SP ID="P477_SP00007" HPOS="1466" VPOS="2295" WIDTH="0"/>
					</TextLine>
				</TextBlock>
				<ComposedBlock ID="P477_CB00001" HPOS="12" VPOS="12" WIDTH="2451" HEIGHT="2266" STYLEREFS="TXT_1 PAR_LEFT" TYPE="Illustration">
					<Shape>
						<Polygon POINTS="17,44 17,41 19,41 212,35 945,27 1281,24 1380,23 1902,19 2399,17 2443,17 2445,19 2446,43 2447,72 2449,178 2449,250 2452,731 2459,2199 2459,2241 2449,2250 2322,2267 143,2275 59,2277 36,2277 35,2275 34,2272"/>
					</Shape>
					<GraphicalElement ID="P477_CB00001_SUB" HPOS="12" VPOS="12" WIDTH="2451" HEIGHT="2266"/>
				</ComposedBlock>
			</PrintSpace>
		</Page>
	</Layout>
</alto>
