<?xml version="1.0" encoding="UTF-8"?>
<alto xmlns:xsi="http://www.w3.org/2001/XMLSchema-instance" xsi:noNamespaceSchemaLocation="http://www.bl.uk/schemas/alto/alto-1-4.xsd" xmlns:xlink="http://www.w3.org/1999/xlink">
	<Description>
		<MeasurementUnit>mm10</MeasurementUnit>
		<sourceImageInformation>
			<fileName>//head1/IN/2008-10/A0011321378/004365.jp2</fileName>
		</sourceImageInformation>
		<OCRProcessing ID="OCRPROCESSING_1">
			<preProcessingStep>
				<processingSoftware>
					<softwareCreator>CCS Content Conversion Specialists GmbH, Germany</softwareCreator>
					<softwareName>CCS docWORKS</softwareName>
					<softwareVersion>6.1-0.67</softwareVersion>
				</processingSoftware>
			</preProcessingStep>
			<ocrProcessingStep>
				<processingSoftware>
					<softwareCreator>ABBYY (BIT Software), Russia</softwareCreator>
					<softwareName>Finereader</softwareName>
				</processingSoftware>
			</ocrProcessingStep>
		</OCRProcessing>
	</Description>
	<Styles>
		<TextStyle ID="TXT_0" FONTSIZE="10" FONTFAMILY="Courier New"/>
		<TextStyle ID="TXT_1" FONTSIZE="11" FONTFAMILY="Courier New"/>
		<TextStyle ID="TXT_2" FONTSIZE="9" FONTFAMILY="Courier New"/>
		<ParagraphStyle ID="PAR_LEFT" ALIGN="Left"/>
		<ParagraphStyle ID="PAR_CENTER" ALIGN="Center"/>
	</Styles>
	<Layout>
		<Page ID="P51" PHYSICAL_IMG_NR="51" HEIGHT="2357" WIDTH="1617" PRINTED_IMG_NR="35" POSITION="Right" ACCURACY="77.09">
			<TopMargin ID="P51_TM00001" HPOS="0" VPOS="0" WIDTH="1617" HEIGHT="587"/>
			<LeftMargin ID="P51_LM00001" HPOS="0" VPOS="587" WIDTH="78" HEIGHT="1582"/>
			<RightMargin ID="P51_RM00001" HPOS="1321" VPOS="587" WIDTH="296" HEIGHT="1582"/>
			<BottomMargin ID="P51_BM00001" HPOS="0" VPOS="2169" WIDTH="1617" HEIGHT="188">
				<TextBlock ID="P51_TB00001" HPOS="674" VPOS="2170" WIDTH="36" HEIGHT="28" STYLEREFS="TXT_0 PAR_LEFT">
					<TextLine ID="P51_TL00001" HPOS="674" VPOS="2170" WIDTH="36" HEIGHT="28">
						<String ID="P51_ST00001" HPOS="674" VPOS="2170" WIDTH="36" HEIGHT="28" CONTENT="35" WC="1.00" CC="00"/>
					</TextLine>
				</TextBlock>
			</BottomMargin>
			<PrintSpace ID="P51_PS00001" HPOS="78" VPOS="587" WIDTH="1243" HEIGHT="1582">
				<TextBlock ID="P51_TB00002" HPOS="531" VPOS="587" WIDTH="356" HEIGHT="33" STYLEREFS="TXT_1 PAR_CENTER">
					<TextLine ID="P51_TL00002" HPOS="532" VPOS="588" WIDTH="355" HEIGHT="32">
						<String ID="P51_ST00002" HPOS="532" VPOS="588" WIDTH="277" HEIGHT="32" CONTENT="CHAPTER" WC="0.89" CC="0600010"/>
						<SP ID="P51_SP00001" HPOS="809" VPOS="620" WIDTH="39"/>
						<String ID="P51_ST00003" HPOS="848" VPOS="588" WIDTH="39" HEIGHT="32" CONTENT="II" WC="0.90" CC="01"/>
					</TextLine>
				</TextBlock>
				<TextBlock ID="P51_TB00003" HPOS="421" VPOS="699" WIDTH="564" HEIGHT="24" STYLEREFS="TXT_1 PAR_CENTER">
					<TextLine ID="P51_TL00003" HPOS="422" VPOS="699" WIDTH="563" HEIGHT="24">
						<String ID="P51_ST00004" HPOS="422" VPOS="700" WIDTH="105" HEIGHT="23" CONTENT="FROM" WC="0.78" CC="0107"/>
						<SP ID="P51_SP00002" HPOS="527" VPOS="723" WIDTH="28"/>
						<String ID="P51_ST00005" HPOS="555" VPOS="700" WIDTH="177" HEIGHT="23" CONTENT="MONGTSE" WC="1.00" CC="0000000"/>
						<SP ID="P51_SP00003" HPOS="732" VPOS="723" WIDTH="26"/>
						<String ID="P51_ST00006" HPOS="758" VPOS="699" WIDTH="51" HEIGHT="24" CONTENT="TO" WC="1.00" CC="00"/>
						<SP ID="P51_SP00004" HPOS="809" VPOS="723" WIDTH="26"/>
						<String ID="P51_ST00007" HPOS="835" VPOS="699" WIDTH="150" HEIGHT="24" CONTENT="SSUMAO" WC="1.00" CC="000000"/>
					</TextLine>
				</TextBlock>
				<TextBlock ID="P51_TB00004" HPOS="92" VPOS="796" WIDTH="1229" HEIGHT="598" STYLEREFS="TXT_2 PAR_LEFT">
					<TextLine ID="P51_TL00004" HPOS="92" VPOS="797" WIDTH="1229" HEIGHT="29">
						<String ID="P51_ST00008" HPOS="92" VPOS="799" WIDTH="133" HEIGHT="27" CONTENT="Departure" WC="0.80" CC="700010044"/>
						<SP ID="P51_SP00005" HPOS="225" VPOS="826" WIDTH="16"/>
						<String ID="P51_ST00009" HPOS="241" VPOS="799" WIDTH="60" HEIGHT="21" CONTENT="from" WC="0.94" CC="0200"/>
						<SP ID="P51_SP00006" HPOS="301" VPOS="826" WIDTH="18"/>
						<String ID="P51_ST00010" HPOS="319" VPOS="799" WIDTH="112" HEIGHT="27" CONTENT="Mongtse" WC="0.93" CC="2010000"/>
						<String ID="P51_ST00011" HPOS="433" VPOS="811" WIDTH="29" HEIGHT="3" CONTENT="—" WC="0.20" CC="8"/>
						<String ID="P51_ST00012" HPOS="465" VPOS="799" WIDTH="106" HEIGHT="21" CONTENT="Descent" WC="0.79" CC="0070070"/>
						<SP ID="P51_SP00007" HPOS="571" VPOS="826" WIDTH="17"/>
						<String ID="P51_ST00013" HPOS="588" VPOS="803" WIDTH="23" HEIGHT="17" CONTENT="to" WC="0.73" CC="50"/>
						<SP ID="P51_SP00008" HPOS="611" VPOS="826" WIDTH="19"/>
						<String ID="P51_ST00014" HPOS="630" VPOS="799" WIDTH="107" HEIGHT="21" CONTENT="Manhao" WC="0.63" CC="006833"/>
						<String ID="P51_ST00015" HPOS="739" VPOS="810" WIDTH="29" HEIGHT="3" CONTENT="—" WC="0.20" CC="8"/>
						<String ID="P51_ST00016" HPOS="770" VPOS="799" WIDTH="72" HEIGHT="21" CONTENT="Cross" WC="0.98" CC="00000"/>
						<SP ID="P51_SP00009" HPOS="842" VPOS="826" WIDTH="24"/>
						<String ID="P51_ST00017" HPOS="866" VPOS="799" WIDTH="40" HEIGHT="21" CONTENT="the" WC="0.76" CC="070"/>
						<SP ID="P51_SP00010" HPOS="906" VPOS="826" WIDTH="24"/>
						<String ID="P51_ST00018" HPOS="930" VPOS="798" WIDTH="53" HEIGHT="22" CONTENT="Red" WC="1.00" CC="000"/>
						<SP ID="P51_SP00011" HPOS="983" VPOS="826" WIDTH="24"/>
						<String ID="P51_ST00019" HPOS="1007" VPOS="797" WIDTH="72" HEIGHT="23" CONTENT="River" WC="0.74" CC="02305"/>
						<String ID="P51_ST00020" HPOS="1079" VPOS="810" WIDTH="29" HEIGHT="3" CONTENT="—" WC="0.20" CC="8"/>
						<String ID="P51_ST00021" HPOS="1112" VPOS="798" WIDTH="83" HEIGHT="22" CONTENT="Mafou" WC="0.84" CC="00223"/>
						<SP ID="P51_SP00012" HPOS="1195" VPOS="826" WIDTH="23"/>
						<String ID="P51_ST00022" HPOS="1218" VPOS="799" WIDTH="73" HEIGHT="22" CONTENT="Fears" WC="0.77" CC="00650"/>
						<String ID="P51_ST00023" HPOS="1294" VPOS="811" WIDTH="27" HEIGHT="4" CONTENT="—" WC="0.20" CC="8"/>
					</TextLine>
					<TextLine ID="P51_TL00005" HPOS="152" VPOS="838" WIDTH="1169" HEIGHT="29">
						<String ID="P51_ST00024" HPOS="152" VPOS="839" WIDTH="154" HEIGHT="28" CONTENT="Exploration" WC="0.75" CC="46004900010"/>
						<String ID="P51_ST00025" HPOS="308" VPOS="852" WIDTH="28" HEIGHT="2" CONTENT="—" WC="0.20" CC="8"/>
						<String ID="P51_ST00026" HPOS="339" VPOS="839" WIDTH="37" HEIGHT="21" CONTENT="On" WC="0.79" CC="04"/>
						<SP ID="P51_SP00013" HPOS="376" VPOS="867" WIDTH="22"/>
						<String ID="P51_ST00027" HPOS="398" VPOS="839" WIDTH="41" HEIGHT="21" CONTENT="the" WC="0.69" CC="090"/>
						<SP ID="P51_SP00014" HPOS="439" VPOS="867" WIDTH="23"/>
						<String ID="P51_ST00028" HPOS="462" VPOS="839" WIDTH="73" HEIGHT="28" CONTENT="Right" WC="0.82" CC="00800"/>
						<SP ID="P51_SP00015" HPOS="535" VPOS="867" WIDTH="25"/>
						<String ID="P51_ST00029" HPOS="560" VPOS="839" WIDTH="67" HEIGHT="21" CONTENT="Bank" WC="0.88" CC="4000"/>
						<SP ID="P51_SP00016" HPOS="627" VPOS="867" WIDTH="11"/>
						<String ID="P51_ST00030" HPOS="638" VPOS="848" WIDTH="5" HEIGHT="17" CONTENT=";" WC="0.85" CC="1"/>
						<SP ID="P51_SP00017" HPOS="643" VPOS="867" WIDTH="20"/>
						<String ID="P51_ST00031" HPOS="663" VPOS="840" WIDTH="90" HEIGHT="21" CONTENT="Ascent" WC="0.94" CC="000030"/>
						<String ID="P51_ST00032" HPOS="753" VPOS="852" WIDTH="31" HEIGHT="3" CONTENT="—" WC="0.20" CC="8"/>
						<String ID="P51_ST00033" HPOS="787" VPOS="838" WIDTH="142" HEIGHT="22" CONTENT="Difficulties" WC="0.97" CC="000000030000"/>
						<SP ID="P51_SP00018" HPOS="929" VPOS="867" WIDTH="18"/>
						<String ID="P51_ST00034" HPOS="947" VPOS="838" WIDTH="55" HEIGHT="22" CONTENT="with" WC="0.64" CC="9400"/>
						<SP ID="P51_SP00019" HPOS="1002" VPOS="867" WIDTH="22"/>
						<String ID="P51_ST00035" HPOS="1024" VPOS="846" WIDTH="43" HEIGHT="14" CONTENT="our" WC="0.71" CC="026"/>
						<SP ID="P51_SP00020" HPOS="1067" VPOS="867" WIDTH="23"/>
						<String ID="P51_ST00036" HPOS="1090" VPOS="839" WIDTH="58" HEIGHT="21" CONTENT="Men" WC="0.89" CC="003"/>
						<String ID="P51_ST00037" HPOS="1151" VPOS="852" WIDTH="28" HEIGHT="2" CONTENT="—" WC="0.20" CC="8"/>
						<String ID="P51_ST00038" HPOS="1181" VPOS="840" WIDTH="52" HEIGHT="21" CONTENT="The" WC="0.97" CC="000"/>
						<SP ID="P51_SP00021" HPOS="1233" VPOS="867" WIDTH="24"/>
						<String ID="P51_ST00039" HPOS="1257" VPOS="840" WIDTH="64" HEIGHT="21" CONTENT="Hou-" WC="0.73" CC="5400"/>
					</TextLine>
					<TextLine ID="P51_TL00006" HPOS="152" VPOS="879" WIDTH="1169" HEIGHT="30">
						<String ID="P51_ST00040" HPOS="152" VPOS="880" WIDTH="44" HEIGHT="22" CONTENT="Nis" WC="1.00" CC="000"/>
						<String ID="P51_ST00041" HPOS="198" VPOS="893" WIDTH="28" HEIGHT="2" CONTENT="—" WC="0.20" CC="8"/>
						<String ID="P51_ST00042" HPOS="227" VPOS="881" WIDTH="31" HEIGHT="20" CONTENT="At" WC="1.00" CC="00"/>
						<SP ID="P51_SP00022" HPOS="258" VPOS="902" WIDTH="26"/>
						<String ID="P51_ST00043" HPOS="284" VPOS="879" WIDTH="183" HEIGHT="29" CONTENT="Fong-chen-lin" WC="0.90" CC="0010000520002"/>
						<String ID="P51_ST00044" HPOS="469" VPOS="893" WIDTH="30" HEIGHT="2" CONTENT="—" WC="0.20" CC="8"/>
						<String ID="P51_ST00045" HPOS="502" VPOS="880" WIDTH="147" HEIGHT="29" CONTENT="Hospitality" WC="0.90" CC="00005400000"/>
						<SP ID="P51_SP00023" HPOS="649" VPOS="909" WIDTH="22"/>
						<String ID="P51_ST00046" HPOS="671" VPOS="880" WIDTH="26" HEIGHT="22" CONTENT="of" WC="0.98" CC="00"/>
						<SP ID="P51_SP00024" HPOS="697" VPOS="909" WIDTH="19"/>
						<String ID="P51_ST00047" HPOS="716" VPOS="887" WIDTH="14" HEIGHT="15" CONTENT="a" WC="0.47" CC="5"/>
						<SP ID="P51_SP00025" HPOS="730" VPOS="909" WIDTH="24"/>
						<String ID="P51_ST00048" HPOS="754" VPOS="880" WIDTH="104" HEIGHT="22" CONTENT="Chinese" WC="0.94" CC="0040000"/>
						<SP ID="P51_SP00026" HPOS="858" VPOS="909" WIDTH="24"/>
						<String ID="P51_ST00049" HPOS="882" VPOS="879" WIDTH="129" HEIGHT="22" CONTENT="Mandarin" WC="0.74" CC="00006426"/>
						<String ID="P51_ST00050" HPOS="1013" VPOS="893" WIDTH="28" HEIGHT="2" CONTENT="—" WC="0.20" CC="8"/>
						<String ID="P51_ST00051" HPOS="1045" VPOS="880" WIDTH="131" HEIGHT="28" CONTENT="Hydraulic" WC="0.86" CC="400003202"/>
						<SP ID="P51_SP00027" HPOS="1176" VPOS="909" WIDTH="25"/>
						<String ID="P51_ST00052" HPOS="1201" VPOS="881" WIDTH="90" HEIGHT="21" CONTENT="Pestles" WC="0.92" CC="2000003"/>
						<String ID="P51_ST00053" HPOS="1294" VPOS="893" WIDTH="27" HEIGHT="3" CONTENT="—" WC="0.20" CC="8"/>
					</TextLine>
					<TextLine ID="P51_TL00007" HPOS="151" VPOS="920" WIDTH="1170" HEIGHT="29">
						<String ID="P51_ST00054" HPOS="151" VPOS="920" WIDTH="50" HEIGHT="22" CONTENT="The" WC="0.67" CC="090"/>
						<SP ID="P51_SP00028" HPOS="201" VPOS="942" WIDTH="24"/>
						<String ID="P51_ST00055" HPOS="225" VPOS="920" WIDTH="147" HEIGHT="29" CONTENT="Liutindjous" WC="0.77" CC="04600502600"/>
						<String ID="P51_ST00056" HPOS="374" VPOS="933" WIDTH="29" HEIGHT="3" CONTENT="—" WC="0.20" CC="8"/>
						<String ID="P51_ST00057" HPOS="406" VPOS="920" WIDTH="114" HEIGHT="22" CONTENT="Hou-Nis" WC="0.81" CC="0240050"/>
						<SP ID="P51_SP00029" HPOS="520" VPOS="949" WIDTH="16"/>
						<String ID="P51_ST00058" HPOS="536" VPOS="920" WIDTH="71" HEIGHT="28" CONTENT="again" WC="0.54" CC="49800"/>
						<String ID="P51_ST00059" HPOS="610" VPOS="933" WIDTH="28" HEIGHT="3" CONTENT="—" WC="0.20" CC="8"/>
						<String ID="P51_ST00060" HPOS="642" VPOS="921" WIDTH="34" HEIGHT="27" CONTENT="By" WC="0.87" CC="20"/>
						<SP ID="P51_SP00030" HPOS="676" VPOS="949" WIDTH="17"/>
						<String ID="P51_ST00061" HPOS="693" VPOS="920" WIDTH="39" HEIGHT="22" CONTENT="the" WC="0.93" CC="200"/>
						<SP ID="P51_SP00031" HPOS="732" VPOS="949" WIDTH="24"/>
						<String ID="P51_ST00062" HPOS="756" VPOS="920" WIDTH="71" HEIGHT="22" CONTENT="River" WC="0.94" CC="02000"/>
						<SP ID="P51_SP00032" HPOS="827" VPOS="949" WIDTH="25"/>
						<String ID="P51_ST00063" HPOS="852" VPOS="920" WIDTH="56" HEIGHT="22" CONTENT="Side" WC="1.00" CC="0000"/>
						<String ID="P51_ST00064" HPOS="909" VPOS="932" WIDTH="29" HEIGHT="3" CONTENT="—" WC="0.20" CC="8"/>
						<String ID="P51_ST00065" HPOS="941" VPOS="920" WIDTH="99" HEIGHT="22" CONTENT="District" WC="0.76" CC="40062004"/>
						<SP ID="P51_SP00033" HPOS="1040" VPOS="949" WIDTH="23"/>
						<String ID="P51_ST00066" HPOS="1063" VPOS="920" WIDTH="27" HEIGHT="22" CONTENT="of" WC="0.91" CC="10"/>
						<SP ID="P51_SP00034" HPOS="1090" VPOS="949" WIDTH="18"/>
						<String ID="P51_ST00067" HPOS="1108" VPOS="920" WIDTH="40" HEIGHT="22" CONTENT="the" WC="0.67" CC="090"/>
						<SP ID="P51_SP00035" HPOS="1148" VPOS="949" WIDTH="25"/>
						<String ID="P51_ST00068" HPOS="1173" VPOS="921" WIDTH="54" HEIGHT="21" CONTENT="Pais" WC="0.63" CC="0086"/>
						<String ID="P51_ST00069" HPOS="1228" VPOS="933" WIDTH="29" HEIGHT="3" CONTENT="—" WC="0.20" CC="8"/>
						<String ID="P51_ST00070" HPOS="1261" VPOS="921" WIDTH="60" HEIGHT="22" CONTENT="First" WC="0.93" CC="00003"/>
					</TextLine>
					<TextLine ID="P51_TL00008" HPOS="151" VPOS="960" WIDTH="1170" HEIGHT="30">
						<String ID="P51_ST00071" HPOS="151" VPOS="962" WIDTH="155" HEIGHT="28" CONTENT="Appearance" WC="0.68" CC="0500991500"/>
						<SP ID="P51_SP00036" HPOS="306" VPOS="990" WIDTH="17"/>
						<String ID="P51_ST00072" HPOS="323" VPOS="961" WIDTH="27" HEIGHT="22" CONTENT="of" WC="1.00" CC="00"/>
						<SP ID="P51_SP00037" HPOS="350" VPOS="990" WIDTH="14"/>
						<String ID="P51_ST00073" HPOS="364" VPOS="962" WIDTH="70" HEIGHT="21" CONTENT="Lolos" WC="0.86" CC="04110"/>
						<String ID="P51_ST00074" HPOS="436" VPOS="973" WIDTH="30" HEIGHT="3" CONTENT="—" WC="0.20" CC="8"/>
						<String ID="P51_ST00075" HPOS="468" VPOS="961" WIDTH="60" HEIGHT="21" CONTENT="New" WC="0.75" CC="007"/>
						<SP ID="P51_SP00038" HPOS="528" VPOS="990" WIDTH="18"/>
						<String ID="P51_ST00076" HPOS="546" VPOS="961" WIDTH="100" HEIGHT="22" CONTENT="Natives" WC="0.87" CC="0005003"/>
						<SP ID="P51_SP00039" HPOS="646" VPOS="990" WIDTH="19"/>
						<String ID="P51_ST00077" HPOS="665" VPOS="961" WIDTH="26" HEIGHT="21" CONTENT="of" WC="0.83" CC="02"/>
						<SP ID="P51_SP00040" HPOS="691" VPOS="990" WIDTH="18"/>
						<String ID="P51_ST00078" HPOS="709" VPOS="961" WIDTH="40" HEIGHT="21" CONTENT="the" WC="1.00" CC="000"/>
						<SP ID="P51_SP00041" HPOS="749" VPOS="990" WIDTH="26"/>
						<String ID="P51_ST00079" HPOS="775" VPOS="960" WIDTH="105" HEIGHT="22" CONTENT="Miaotse" WC="0.83" CC="0500060"/>
						<SP ID="P51_SP00042" HPOS="880" VPOS="990" WIDTH="23"/>
						<String ID="P51_ST00080" HPOS="903" VPOS="960" WIDTH="72" HEIGHT="22" CONTENT="Tribe" WC="0.90" CC="00400"/>
						<String ID="P51_ST00081" HPOS="977" VPOS="974" WIDTH="30" HEIGHT="1" CONTENT="—" WC="0.20" CC="8"/>
						<String ID="P51_ST00082" HPOS="1008" VPOS="961" WIDTH="21" HEIGHT="20" CONTENT="A" WC="1.00" CC="0"/>
						<SP ID="P51_SP00043" HPOS="1029" VPOS="990" WIDTH="18"/>
						<String ID="P51_ST00083" HPOS="1047" VPOS="961" WIDTH="54" HEIGHT="21" CONTENT="Few" WC="0.80" CC="500"/>
						<SP ID="P51_SP00044" HPOS="1101" VPOS="990" WIDTH="17"/>
						<String ID="P51_ST00084" HPOS="1118" VPOS="961" WIDTH="88" HEIGHT="22" CONTENT="Words" WC="0.87" CC="00005"/>
						<SP ID="P51_SP00045" HPOS="1206" VPOS="990" WIDTH="23"/>
						<String ID="P51_ST00085" HPOS="1229" VPOS="969" WIDTH="30" HEIGHT="14" CONTENT="on" WC="0.73" CC="05"/>
						<SP ID="P51_SP00046" HPOS="1259" VPOS="990" WIDTH="24"/>
						<String ID="P51_ST00086" HPOS="1283" VPOS="962" WIDTH="38" HEIGHT="22" CONTENT="the" WC="1.00" CC="000"/>
					</TextLine>
					<TextLine ID="P51_TL00009" HPOS="152" VPOS="1001" WIDTH="1168" HEIGHT="29">
						<String ID="P51_ST00087" HPOS="152" VPOS="1002" WIDTH="99" HEIGHT="22" CONTENT="Natives" WC="0.90" CC="0000006"/>
						<SP ID="P51_SP00047" HPOS="251" VPOS="1024" WIDTH="22"/>
						<String ID="P51_ST00088" HPOS="273" VPOS="1002" WIDTH="27" HEIGHT="21" CONTENT="of" WC="1.00" CC="00"/>
						<SP ID="P51_SP00048" HPOS="300" VPOS="1024" WIDTH="23"/>
						<String ID="P51_ST00089" HPOS="323" VPOS="1003" WIDTH="102" HEIGHT="20" CONTENT="Yunnan" WC="0.71" CC="004804"/>
						<String ID="P51_ST00090" HPOS="428" VPOS="1014" WIDTH="28" HEIGHT="2" CONTENT="—" WC="0.20" CC="8"/>
						<String ID="P51_ST00091" HPOS="459" VPOS="1002" WIDTH="81" HEIGHT="27" CONTENT="Pretty" WC="0.89" CC="600000"/>
						<SP ID="P51_SP00049" HPOS="540" VPOS="1029" WIDTH="25"/>
						<String ID="P51_ST00092" HPOS="565" VPOS="1002" WIDTH="106" HEIGHT="28" CONTENT="Country" WC="0.96" CC="0002000"/>
						<SP ID="P51_SP00050" HPOS="671" VPOS="1030" WIDTH="20"/>
						<String ID="P51_ST00093" HPOS="691" VPOS="1002" WIDTH="32" HEIGHT="28" CONTENT="by" WC="0.22" CC="59"/>
						<SP ID="P51_SP00051" HPOS="723" VPOS="1030" WIDTH="23"/>
						<String ID="P51_ST00094" HPOS="746" VPOS="1002" WIDTH="40" HEIGHT="21" CONTENT="the" WC="1.00" CC="000"/>
						<SP ID="P51_SP00052" HPOS="786" VPOS="1030" WIDTH="26"/>
						<String ID="P51_ST00095" HPOS="812" VPOS="1001" WIDTH="72" HEIGHT="22" CONTENT="River" WC="0.97" CC="00001"/>
						<String ID="P51_ST00096" HPOS="885" VPOS="1014" WIDTH="29" HEIGHT="3" CONTENT="—" WC="0.20" CC="8"/>
						<String ID="P51_ST00097" HPOS="918" VPOS="1002" WIDTH="39" HEIGHT="21" CONTENT="Isa" WC="0.79" CC="060"/>
						<SP ID="P51_SP00053" HPOS="957" VPOS="1030" WIDTH="11"/>
						<String ID="P51_ST00098" HPOS="968" VPOS="1010" WIDTH="4" HEIGHT="18" CONTENT=";" WC="1.00" CC="0"/>
						<SP ID="P51_SP00054" HPOS="972" VPOS="1030" WIDTH="25"/>
						<String ID="P51_ST00099" HPOS="997" VPOS="1002" WIDTH="143" HEIGHT="22" CONTENT="Particulars" WC="0.90" CC="50003002000"/>
						<SP ID="P51_SP00055" HPOS="1140" VPOS="1030" WIDTH="23"/>
						<String ID="P51_ST00100" HPOS="1163" VPOS="1002" WIDTH="27" HEIGHT="22" CONTENT="of" WC="0.99" CC="00"/>
						<String ID="P51_ST00101" HPOS="1190" VPOS="1015" WIDTH="27" HEIGHT="2" CONTENT="—" WC="0.20" CC="8"/>
						<String ID="P51_ST00102" HPOS="1220" VPOS="1003" WIDTH="100" HEIGHT="22" CONTENT="Hou-Ni" WC="0.80" CC="305003"/>
					</TextLine>
					<TextLine ID="P51_TL00010" HPOS="150" VPOS="1042" WIDTH="1171" HEIGHT="28">
						<String ID="P51_ST00103" HPOS="150" VPOS="1042" WIDTH="136" HEIGHT="22" CONTENT="Adventure" WC="0.48" CC="685750460"/>
						<String ID="P51_ST00104" HPOS="288" VPOS="1055" WIDTH="29" HEIGHT="3" CONTENT="—" WC="0.20" CC="8"/>
						<String ID="P51_ST00105" HPOS="320" VPOS="1043" WIDTH="73" HEIGHT="21" CONTENT="Souto" WC="0.94" CC="03000"/>
						<SP ID="P51_SP00056" HPOS="393" VPOS="1064" WIDTH="10"/>
						<String ID="P51_ST00106" HPOS="403" VPOS="1051" WIDTH="5" HEIGHT="18" CONTENT=";" WC="1.00" CC="0"/>
						<SP ID="P51_SP00057" HPOS="408" VPOS="1069" WIDTH="19"/>
						<String ID="P51_ST00107" HPOS="427" VPOS="1042" WIDTH="133" HEIGHT="28" CONTENT="Discovery" WC="0.92" CC="031000010"/>
						<SP ID="P51_SP00058" HPOS="560" VPOS="1070" WIDTH="16"/>
						<String ID="P51_ST00108" HPOS="576" VPOS="1042" WIDTH="26" HEIGHT="22" CONTENT="of" WC="0.75" CC="50"/>
						<SP ID="P51_SP00059" HPOS="602" VPOS="1070" WIDTH="13"/>
						<String ID="P51_ST00109" HPOS="615" VPOS="1042" WIDTH="59" HEIGHT="22" CONTENT="Lolo" WC="1.00" CC="0000"/>
						<SP ID="P51_SP00060" HPOS="674" VPOS="1070" WIDTH="19"/>
						<String ID="P51_ST00110" HPOS="693" VPOS="1042" WIDTH="71" HEIGHT="22" CONTENT="MSS." WC="0.92" CC="3000"/>
						<String ID="P51_ST00111" HPOS="767" VPOS="1054" WIDTH="29" HEIGHT="3" CONTENT="—" WC="0.20" CC="8"/>
						<String ID="P51_ST00112" HPOS="799" VPOS="1042" WIDTH="76" HEIGHT="22" CONTENT="Fresh" WC="0.82" CC="44000"/>
						<SP ID="P51_SP00061" HPOS="875" VPOS="1070" WIDTH="18"/>
						<String ID="P51_ST00113" HPOS="893" VPOS="1042" WIDTH="71" HEIGHT="22" CONTENT="Facts" WC="0.73" CC="55010"/>
						<SP ID="P51_SP00062" HPOS="964" VPOS="1070" WIDTH="17"/>
						<String ID="P51_ST00114" HPOS="981" VPOS="1042" WIDTH="72" HEIGHT="22" CONTENT="about" WC="0.70" CC="00095"/>
						<SP ID="P51_SP00063" HPOS="1053" VPOS="1070" WIDTH="21"/>
						<String ID="P51_ST00115" HPOS="1074" VPOS="1042" WIDTH="40" HEIGHT="22" CONTENT="the" WC="0.67" CC="350"/>
						<SP ID="P51_SP00064" HPOS="1114" VPOS="1070" WIDTH="24"/>
						<String ID="P51_ST00116" HPOS="1138" VPOS="1042" WIDTH="113" HEIGHT="22" CONTENT="Hou-Nis" WC="0.80" CC="5340000"/>
						<SP ID="P51_SP00065" HPOS="1251" VPOS="1070" WIDTH="22"/>
						<String ID="P51_ST00117" HPOS="1273" VPOS="1043" WIDTH="48" HEIGHT="21" CONTENT="and" WC="0.95" CC="010"/>
					</TextLine>
					<TextLine ID="P51_TL00011" HPOS="150" VPOS="1082" WIDTH="1171" HEIGHT="30">
						<String ID="P51_ST00118" HPOS="150" VPOS="1084" WIDTH="39" HEIGHT="21" CONTENT="the" WC="0.79" CC="060"/>
						<SP ID="P51_SP00066" HPOS="189" VPOS="1105" WIDTH="26"/>
						<String ID="P51_ST00119" HPOS="215" VPOS="1084" WIDTH="54" HEIGHT="21" CONTENT="Pais" WC="0.50" CC="6076"/>
						<String ID="P51_ST00120" HPOS="271" VPOS="1096" WIDTH="29" HEIGHT="2" CONTENT="—" WC="0.20" CC="8"/>
						<String ID="P51_ST00121" HPOS="301" VPOS="1084" WIDTH="32" HEIGHT="21" CONTENT="At" WC="1.00" CC="00"/>
						<SP ID="P51_SP00067" HPOS="333" VPOS="1105" WIDTH="26"/>
						<String ID="P51_ST00122" HPOS="359" VPOS="1084" WIDTH="133" HEIGHT="21" CONTENT="Lou-tchou" WC="0.95" CC="001000002"/>
						<SP ID="P51_SP00068" HPOS="492" VPOS="1105" WIDTH="12"/>
						<String ID="P51_ST00123" HPOS="504" VPOS="1091" WIDTH="5" HEIGHT="18" CONTENT=";" WC="0.82" CC="1"/>
						<SP ID="P51_SP00069" HPOS="509" VPOS="1109" WIDTH="25"/>
						<String ID="P51_ST00124" HPOS="534" VPOS="1083" WIDTH="81" HEIGHT="28" CONTENT="Lodge" WC="0.48" CC="06692"/>
						<SP ID="P51_SP00070" HPOS="615" VPOS="1111" WIDTH="26"/>
						<String ID="P51_ST00125" HPOS="641" VPOS="1083" WIDTH="55" HEIGHT="22" CONTENT="with" WC="0.72" CC="0550"/>
						<SP ID="P51_SP00071" HPOS="696" VPOS="1111" WIDTH="26"/>
						<String ID="P51_ST00126" HPOS="722" VPOS="1091" WIDTH="14" HEIGHT="13" CONTENT="a" WC="1.00" CC="0"/>
						<SP ID="P51_SP00072" HPOS="736" VPOS="1111" WIDTH="24"/>
						<String ID="P51_ST00127" HPOS="760" VPOS="1083" WIDTH="58" HEIGHT="21" CONTENT="Lolo" WC="0.67" CC="0372"/>
						<SP ID="P51_SP00073" HPOS="818" VPOS="1111" WIDTH="18"/>
						<String ID="P51_ST00128" HPOS="836" VPOS="1082" WIDTH="84" HEIGHT="27" CONTENT="Chief;" WC="0.94" CC="000003"/>
						<SP ID="P51_SP00074" HPOS="920" VPOS="1111" WIDTH="24"/>
						<String ID="P51_ST00129" HPOS="944" VPOS="1082" WIDTH="156" HEIGHT="22" CONTENT="Information" WC="0.72" CC="40070030309"/>
						<SP ID="P51_SP00075" HPOS="1100" VPOS="1111" WIDTH="17"/>
						<String ID="P51_ST00130" HPOS="1117" VPOS="1083" WIDTH="144" HEIGHT="29" CONTENT="concerning" WC="0.65" CC="3552201049"/>
						<SP ID="P51_SP00076" HPOS="1261" VPOS="1112" WIDTH="20"/>
						<String ID="P51_ST00131" HPOS="1281" VPOS="1085" WIDTH="40" HEIGHT="21" CONTENT="the" WC="1.00" CC="000"/>
					</TextLine>
					<TextLine ID="P51_TL00012" HPOS="151" VPOS="1124" WIDTH="1170" HEIGHT="23">
						<String ID="P51_ST00132" HPOS="151" VPOS="1124" WIDTH="70" HEIGHT="22" CONTENT="Lolos" WC="0.69" CC="02146"/>
						<String ID="P51_ST00133" HPOS="223" VPOS="1137" WIDTH="28" HEIGHT="3" CONTENT="—" WC="0.20" CC="8"/>
						<String ID="P51_ST00134" HPOS="254" VPOS="1124" WIDTH="51" HEIGHT="22" CONTENT="Our" WC="0.87" CC="030"/>
						<SP ID="P51_SP00077" HPOS="305" VPOS="1146" WIDTH="17"/>
						<String ID="P51_ST00135" HPOS="322" VPOS="1124" WIDTH="127" HEIGHT="22" CONTENT="Followers" WC="0.89" CC="000010106"/>
						<String ID="P51_ST00136" HPOS="451" VPOS="1137" WIDTH="29" HEIGHT="3" CONTENT="—" WC="0.20" CC="8"/>
						<String ID="P51_ST00137" HPOS="483" VPOS="1124" WIDTH="114" HEIGHT="22" CONTENT="Francois" WC="0.83" CC="20050040"/>
						<String ID="P51_ST00138" HPOS="599" VPOS="1137" WIDTH="28" HEIGHT="2" CONTENT="—" WC="0.20" CC="8"/>
						<String ID="P51_ST00139" HPOS="629" VPOS="1124" WIDTH="52" HEIGHT="22" CONTENT="The" WC="0.82" CC="050"/>
						<SP ID="P51_SP00078" HPOS="681" VPOS="1146" WIDTH="18"/>
						<String ID="P51_ST00140" HPOS="699" VPOS="1124" WIDTH="93" HEIGHT="22" CONTENT="Urchin" WC="0.69" CC="001564"/>
						<String ID="P51_ST00141" HPOS="794" VPOS="1136" WIDTH="30" HEIGHT="3" CONTENT="—" WC="0.20" CC="8"/>
						<String ID="P51_ST00142" HPOS="825" VPOS="1124" WIDTH="101" HEIGHT="22" CONTENT="Victims" WC="0.67" CC="5040075"/>
						<SP ID="P51_SP00079" HPOS="926" VPOS="1146" WIDTH="17"/>
						<String ID="P51_ST00143" HPOS="943" VPOS="1124" WIDTH="26" HEIGHT="21" CONTENT="of" WC="0.98" CC="00"/>
						<SP ID="P51_SP00080" HPOS="969" VPOS="1146" WIDTH="18"/>
						<String ID="P51_ST00144" HPOS="987" VPOS="1131" WIDTH="14" HEIGHT="14" CONTENT="a" WC="1.00" CC="0"/>
						<SP ID="P51_SP00081" HPOS="1001" VPOS="1146" WIDTH="22"/>
						<String ID="P51_ST00145" HPOS="1023" VPOS="1124" WIDTH="70" HEIGHT="21" CONTENT="Theft" WC="0.82" CC="06020"/>
						<String ID="P51_ST00146" HPOS="1096" VPOS="1136" WIDTH="28" HEIGHT="3" CONTENT="—" WC="0.20" CC="8"/>
						<String ID="P51_ST00147" HPOS="1127" VPOS="1124" WIDTH="50" HEIGHT="22" CONTENT="Our" WC="0.91" CC="002"/>
						<SP ID="P51_SP00082" HPOS="1177" VPOS="1146" WIDTH="22"/>
						<String ID="P51_ST00148" HPOS="1199" VPOS="1124" WIDTH="122" HEIGHT="23" CONTENT="Prisoners" WC="0.67" CC="366605001"/>
					</TextLine>
					<TextLine ID="P51_TL00013" HPOS="147" VPOS="1163" WIDTH="1174" HEIGHT="30">
						<String ID="P51_ST00149" HPOS="147" VPOS="1178" WIDTH="30" HEIGHT="2" CONTENT="—" WC="0.20" CC="8"/>
						<String ID="P51_ST00150" HPOS="179" VPOS="1165" WIDTH="81" HEIGHT="22" CONTENT="Death" WC="0.87" CC="10040"/>
						<SP ID="P51_SP00083" HPOS="260" VPOS="1187" WIDTH="27"/>
						<String ID="P51_ST00151" HPOS="287" VPOS="1165" WIDTH="26" HEIGHT="21" CONTENT="of" WC="0.55" CC="35"/>
						<SP ID="P51_SP00084" HPOS="313" VPOS="1187" WIDTH="23"/>
						<String ID="P51_ST00152" HPOS="336" VPOS="1173" WIDTH="39" HEIGHT="20" CONTENT="my" WC="1.00" CC="00"/>
						<SP ID="P51_SP00085" HPOS="375" VPOS="1193" WIDTH="25"/>
						<String ID="P51_ST00153" HPOS="400" VPOS="1166" WIDTH="80" HEIGHT="21" CONTENT="Horse" WC="0.78" CC="54000"/>
						<String ID="P51_ST00154" HPOS="482" VPOS="1178" WIDTH="29" HEIGHT="2" CONTENT="—" WC="0.20" CC="8"/>
						<String ID="P51_ST00155" HPOS="513" VPOS="1164" WIDTH="107" HEIGHT="22" CONTENT="Difficult" WC="0.84" CC="020003430"/>
						<SP ID="P51_SP00086" HPOS="620" VPOS="1193" WIDTH="24"/>
						<String ID="P51_ST00156" HPOS="644" VPOS="1166" WIDTH="106" HEIGHT="27" CONTENT="Passage" WC="0.96" CC="2000000"/>
						<SP ID="P51_SP00087" HPOS="750" VPOS="1193" WIDTH="27"/>
						<String ID="P51_ST00157" HPOS="777" VPOS="1164" WIDTH="26" HEIGHT="22" CONTENT="of" WC="1.00" CC="00"/>
						<SP ID="P51_SP00088" HPOS="803" VPOS="1193" WIDTH="22"/>
						<String ID="P51_ST00158" HPOS="825" VPOS="1164" WIDTH="42" HEIGHT="22" CONTENT="the" WC="0.94" CC="010"/>
						<SP ID="P51_SP00089" HPOS="867" VPOS="1193" WIDTH="27"/>
						<String ID="P51_ST00159" HPOS="894" VPOS="1163" WIDTH="144" HEIGHT="22" CONTENT="La-niou-ho" WC="0.81" CC="0003202026"/>
						<String ID="P51_ST00160" HPOS="1040" VPOS="1177" WIDTH="29" HEIGHT="3" CONTENT="—" WC="0.20" CC="8"/>
						<String ID="P51_ST00161" HPOS="1072" VPOS="1165" WIDTH="120" HEIGHT="21" CONTENT="Renewed" WC="0.80" CC="0030900"/>
						<SP ID="P51_SP00090" HPOS="1192" VPOS="1193" WIDTH="26"/>
						<String ID="P51_ST00162" HPOS="1218" VPOS="1166" WIDTH="103" HEIGHT="22" CONTENT="Trouble" WC="0.84" CC="0003420"/>
					</TextLine>
					<TextLine ID="P51_TL00014" HPOS="148" VPOS="1205" WIDTH="1173" HEIGHT="28">
						<String ID="P51_ST00163" HPOS="148" VPOS="1206" WIDTH="55" HEIGHT="21" CONTENT="with" WC="0.67" CC="5510"/>
						<SP ID="P51_SP00091" HPOS="203" VPOS="1227" WIDTH="17"/>
						<String ID="P51_ST00164" HPOS="220" VPOS="1206" WIDTH="40" HEIGHT="21" CONTENT="the" WC="0.79" CC="060"/>
						<SP ID="P51_SP00092" HPOS="260" VPOS="1227" WIDTH="19"/>
						<String ID="P51_ST00165" HPOS="279" VPOS="1206" WIDTH="94" HEIGHT="21" CONTENT="Mafous" WC="0.65" CC="940230"/>
						<String ID="P51_ST00166" HPOS="376" VPOS="1218" WIDTH="29" HEIGHT="3" CONTENT="—" WC="0.20" CC="8"/>
						<String ID="P51_ST00167" HPOS="407" VPOS="1206" WIDTH="69" HEIGHT="21" CONTENT="More" WC="0.96" CC="0001"/>
						<SP ID="P51_SP00093" HPOS="476" VPOS="1227" WIDTH="18"/>
						<String ID="P51_ST00168" HPOS="494" VPOS="1206" WIDTH="108" HEIGHT="26" CONTENT="Natives," WC="0.86" CC="04000060"/>
						<SP ID="P51_SP00094" HPOS="602" VPOS="1232" WIDTH="17"/>
						<String ID="P51_ST00169" HPOS="619" VPOS="1206" WIDTH="40" HEIGHT="21" CONTENT="the" WC="0.84" CC="040"/>
						<SP ID="P51_SP00095" HPOS="659" VPOS="1232" WIDTH="18"/>
						<String ID="P51_ST00170" HPOS="677" VPOS="1206" WIDTH="94" HEIGHT="21" CONTENT="Hatous" WC="1.00" CC="000000"/>
						<String ID="P51_ST00171" HPOS="774" VPOS="1218" WIDTH="28" HEIGHT="2" CONTENT="—" WC="0.20" CC="8"/>
						<String ID="P51_ST00172" HPOS="805" VPOS="1206" WIDTH="107" HEIGHT="27" CONTENT="Passage" WC="0.82" CC="0057000"/>
						<SP ID="P51_SP00096" HPOS="912" VPOS="1233" WIDTH="16"/>
						<String ID="P51_ST00173" HPOS="928" VPOS="1205" WIDTH="27" HEIGHT="22" CONTENT="of" WC="0.92" CC="10"/>
						<SP ID="P51_SP00097" HPOS="955" VPOS="1233" WIDTH="13"/>
						<String ID="P51_ST00174" HPOS="968" VPOS="1205" WIDTH="40" HEIGHT="22" CONTENT="the" WC="0.88" CC="300"/>
						<SP ID="P51_SP00098" HPOS="1008" VPOS="1233" WIDTH="18"/>
						<String ID="P51_ST00175" HPOS="1026" VPOS="1206" WIDTH="75" HEIGHT="21" CONTENT="Black" WC="0.96" CC="10000"/>
						<SP ID="P51_SP00099" HPOS="1101" VPOS="1233" WIDTH="17"/>
						<String ID="P51_ST00176" HPOS="1118" VPOS="1205" WIDTH="72" HEIGHT="22" CONTENT="River" WC="1.00" CC="00000"/>
						<String ID="P51_ST00177" HPOS="1191" VPOS="1218" WIDTH="29" HEIGHT="3" CONTENT="—" WC="0.20" CC="8"/>
						<String ID="P51_ST00178" HPOS="1223" VPOS="1206" WIDTH="53" HEIGHT="22" CONTENT="Fire" WC="0.83" CC="6000"/>
						<SP ID="P51_SP00100" HPOS="1276" VPOS="1233" WIDTH="11"/>
						<String ID="P51_ST00179" HPOS="1287" VPOS="1208" WIDTH="3" HEIGHT="20" CONTENT="!" WC="0.33" CC="6"/>
						<String ID="P51_ST00180" HPOS="1295" VPOS="1220" WIDTH="26" HEIGHT="2" CONTENT="—" WC="0.20" CC="8"/>
					</TextLine>
					<TextLine ID="P51_TL00015" HPOS="151" VPOS="1246" WIDTH="1170" HEIGHT="28">
						<String ID="P51_ST00181" HPOS="151" VPOS="1247" WIDTH="122" HEIGHT="27" CONTENT="Muong-le" WC="0.59" CC="83469000"/>
						<String ID="P51_ST00182" HPOS="275" VPOS="1260" WIDTH="29" HEIGHT="2" CONTENT="—" WC="0.20" CC="8"/>
						<String ID="P51_ST00183" HPOS="307" VPOS="1247" WIDTH="58" HEIGHT="21" CONTENT="Halt" WC="0.68" CC="4052"/>
						<SP ID="P51_SP00101" HPOS="365" VPOS="1274" WIDTH="17"/>
						<String ID="P51_ST00184" HPOS="382" VPOS="1251" WIDTH="23" HEIGHT="17" CONTENT="at" WC="1.00" CC="00"/>
						<SP ID="P51_SP00102" HPOS="405" VPOS="1274" WIDTH="18"/>
						<String ID="P51_ST00185" HPOS="423" VPOS="1247" WIDTH="126" HEIGHT="27" CONTENT="Muong-le" WC="0.93" CC="00300020"/>
						<SP ID="P51_SP00103" HPOS="549" VPOS="1274" WIDTH="11"/>
						<String ID="P51_ST00186" HPOS="560" VPOS="1255" WIDTH="5" HEIGHT="18" CONTENT=";" WC="1.00" CC="0"/>
						<SP ID="P51_SP00104" HPOS="565" VPOS="1274" WIDTH="17"/>
						<String ID="P51_ST00187" HPOS="582" VPOS="1246" WIDTH="102" HEIGHT="28" CONTENT="Tidings" WC="0.64" CC="0400496"/>
						<SP ID="P51_SP00105" HPOS="684" VPOS="1274" WIDTH="17"/>
						<String ID="P51_ST00188" HPOS="701" VPOS="1246" WIDTH="26" HEIGHT="22" CONTENT="of" WC="0.70" CC="60"/>
						<SP ID="P51_SP00106" HPOS="727" VPOS="1274" WIDTH="15"/>
						<String ID="P51_ST00189" HPOS="742" VPOS="1247" WIDTH="33" HEIGHT="21" CONTENT="M." WC="1.00" CC="00"/>
						<SP ID="P51_SP00107" HPOS="775" VPOS="1274" WIDTH="19"/>
						<String ID="P51_ST00190" HPOS="794" VPOS="1246" WIDTH="72" HEIGHT="22" CONTENT="Pavie" WC="0.87" CC="60000"/>
						<String ID="P51_ST00191" HPOS="868" VPOS="1259" WIDTH="29" HEIGHT="2" CONTENT="—" WC="0.20" CC="8"/>
						<String ID="P51_ST00192" HPOS="899" VPOS="1246" WIDTH="52" HEIGHT="22" CONTENT="The" WC="0.77" CC="060"/>
						<SP ID="P51_SP00108" HPOS="951" VPOS="1274" WIDTH="18"/>
						<String ID="P51_ST00193" HPOS="969" VPOS="1246" WIDTH="94" HEIGHT="22" CONTENT="Market" WC="0.81" CC="006004"/>
						<SP ID="P51_SP00109" HPOS="1063" VPOS="1274" WIDTH="11"/>
						<String ID="P51_ST00194" HPOS="1074" VPOS="1255" WIDTH="5" HEIGHT="17" CONTENT=";" WC="1.00" CC="0"/>
						<SP ID="P51_SP00110" HPOS="1079" VPOS="1274" WIDTH="22"/>
						<String ID="P51_ST00195" HPOS="1101" VPOS="1246" WIDTH="79" HEIGHT="22" CONTENT="Trade" WC="0.78" CC="05400"/>
						<SP ID="P51_SP00111" HPOS="1180" VPOS="1274" WIDTH="23"/>
						<String ID="P51_ST00196" HPOS="1203" VPOS="1247" WIDTH="118" HEIGHT="22" CONTENT="Statistics" WC="0.86" CC="0001046000"/>
					</TextLine>
					<TextLine ID="P51_TL00016" HPOS="147" VPOS="1286" WIDTH="1174" HEIGHT="29">
						<String ID="P51_ST00197" HPOS="147" VPOS="1301" WIDTH="30" HEIGHT="1" CONTENT="—" WC="0.20" CC="8"/>
						<String ID="P51_ST00198" HPOS="179" VPOS="1288" WIDTH="76" HEIGHT="21" CONTENT="Scene" WC="0.95" CC="00020"/>
						<SP ID="P51_SP00112" HPOS="255" VPOS="1309" WIDTH="17"/>
						<String ID="P51_ST00199" HPOS="272" VPOS="1295" WIDTH="89" HEIGHT="20" CONTENT="among" WC="0.87" CC="10050"/>
						<SP ID="P51_SP00113" HPOS="361" VPOS="1315" WIDTH="21"/>
						<String ID="P51_ST00200" HPOS="382" VPOS="1288" WIDTH="40" HEIGHT="21" CONTENT="the" WC="0.70" CC="260"/>
						<SP ID="P51_SP00114" HPOS="422" VPOS="1315" WIDTH="24"/>
						<String ID="P51_ST00201" HPOS="446" VPOS="1287" WIDTH="95" HEIGHT="22" CONTENT="Mafous" WC="0.90" CC="000240"/>
						<String ID="P51_ST00202" HPOS="544" VPOS="1300" WIDTH="28" HEIGHT="2" CONTENT="—" WC="0.20" CC="8"/>
						<String ID="P51_ST00203" HPOS="575" VPOS="1287" WIDTH="37" HEIGHT="21" CONTENT="On" WC="0.85" CC="02"/>
						<SP ID="P51_SP00115" HPOS="612" VPOS="1315" WIDTH="23"/>
						<String ID="P51_ST00204" HPOS="635" VPOS="1288" WIDTH="40" HEIGHT="21" CONTENT="the" WC="0.62" CC="370"/>
						<SP ID="P51_SP00116" HPOS="675" VPOS="1315" WIDTH="23"/>
						<String ID="P51_ST00205" HPOS="698" VPOS="1287" WIDTH="69" HEIGHT="21" CONTENT="Road" WC="1.00" CC="0000"/>
						<SP ID="P51_SP00117" HPOS="767" VPOS="1315" WIDTH="23"/>
						<String ID="P51_ST00206" HPOS="790" VPOS="1286" WIDTH="71" HEIGHT="29" CONTENT="again" WC="0.96" CC="00100"/>
						<SP ID="P51_SP00118" HPOS="861" VPOS="1315" WIDTH="11"/>
						<String ID="P51_ST00207" HPOS="872" VPOS="1295" WIDTH="5" HEIGHT="18" CONTENT=";" WC="0.41" CC="5"/>
						<SP ID="P51_SP00119" HPOS="877" VPOS="1315" WIDTH="22"/>
						<String ID="P51_ST00208" HPOS="899" VPOS="1294" WIDTH="15" HEIGHT="14" CONTENT="a" WC="1.00" CC="0"/>
						<SP ID="P51_SP00120" HPOS="914" VPOS="1315" WIDTH="17"/>
						<String ID="P51_ST00209" HPOS="931" VPOS="1286" WIDTH="140" HEIGHT="27" CONTENT="Hailstorm," WC="0.81" CC="0034451000"/>
						<SP ID="P51_SP00121" HPOS="1071" VPOS="1315" WIDTH="18"/>
						<String ID="P51_ST00210" HPOS="1089" VPOS="1287" WIDTH="48" HEIGHT="21" CONTENT="and" WC="0.84" CC="400"/>
						<SP ID="P51_SP00122" HPOS="1137" VPOS="1315" WIDTH="16"/>
						<String ID="P51_ST00211" HPOS="1153" VPOS="1286" WIDTH="30" HEIGHT="22" CONTENT="its" WC="0.81" CC="023"/>
						<SP ID="P51_SP00123" HPOS="1183" VPOS="1315" WIDTH="18"/>
						<String ID="P51_ST00212" HPOS="1201" VPOS="1287" WIDTH="90" HEIGHT="22" CONTENT="Effects" WC="0.57" CC="2890035"/>
						<String ID="P51_ST00213" HPOS="1294" VPOS="1301" WIDTH="27" HEIGHT="2" CONTENT="—" WC="0.20" CC="8"/>
					</TextLine>
					<TextLine ID="P51_TL00017" HPOS="147" VPOS="1327" WIDTH="1172" HEIGHT="29">
						<String ID="P51_ST00214" HPOS="147" VPOS="1328" WIDTH="114" HEIGHT="28" CONTENT="Worship" WC="0.65" CC="5416500"/>
						<SP ID="P51_SP00124" HPOS="261" VPOS="1356" WIDTH="17"/>
						<String ID="P51_ST00215" HPOS="278" VPOS="1328" WIDTH="26" HEIGHT="21" CONTENT="of" WC="0.88" CC="20"/>
						<SP ID="P51_SP00125" HPOS="304" VPOS="1356" WIDTH="13"/>
						<String ID="P51_ST00216" HPOS="317" VPOS="1328" WIDTH="39" HEIGHT="22" CONTENT="the" WC="0.58" CC="263"/>
						<SP ID="P51_SP00126" HPOS="356" VPOS="1356" WIDTH="17"/>
						<String ID="P51_ST00217" HPOS="373" VPOS="1328" WIDTH="80" HEIGHT="22" CONTENT="Wood" WC="0.79" CC="2050"/>
						<SP ID="P51_SP00127" HPOS="453" VPOS="1356" WIDTH="18"/>
						<String ID="P51_ST00218" HPOS="471" VPOS="1328" WIDTH="73" HEIGHT="28" CONTENT="Deity" WC="0.94" CC="02000"/>
						<String ID="P51_ST00219" HPOS="544" VPOS="1340" WIDTH="29" HEIGHT="3" CONTENT="—" WC="0.20" CC="8"/>
						<String ID="P51_ST00220" HPOS="577" VPOS="1329" WIDTH="27" HEIGHT="20" CONTENT="In" WC="0.88" CC="02"/>
						<SP ID="P51_SP00128" HPOS="604" VPOS="1356" WIDTH="17"/>
						<String ID="P51_ST00221" HPOS="621" VPOS="1328" WIDTH="40" HEIGHT="21" CONTENT="the" WC="0.90" CC="020"/>
						<SP ID="P51_SP00129" HPOS="661" VPOS="1356" WIDTH="17"/>
						<String ID="P51_ST00222" HPOS="678" VPOS="1327" WIDTH="74" HEIGHT="22" CONTENT="Basin" WC="0.72" CC="60601"/>
						<SP ID="P51_SP00130" HPOS="752" VPOS="1356" WIDTH="18"/>
						<String ID="P51_ST00223" HPOS="770" VPOS="1328" WIDTH="26" HEIGHT="21" CONTENT="of" WC="1.00" CC="00"/>
						<SP ID="P51_SP00131" HPOS="796" VPOS="1356" WIDTH="14"/>
						<String ID="P51_ST00224" HPOS="810" VPOS="1328" WIDTH="40" HEIGHT="21" CONTENT="the" WC="0.83" CC="040"/>
						<SP ID="P51_SP00132" HPOS="850" VPOS="1356" WIDTH="19"/>
						<String ID="P51_ST00225" HPOS="869" VPOS="1328" WIDTH="107" HEIGHT="28" CONTENT="Mekong" WC="0.87" CC="020050"/>
						<String ID="P51_ST00226" HPOS="978" VPOS="1340" WIDTH="29" HEIGHT="2" CONTENT="—" WC="0.20" CC="8"/>
						<String ID="P51_ST00227" HPOS="1009" VPOS="1328" WIDTH="85" HEIGHT="21" CONTENT="Forest" WC="0.77" CC="034050"/>
						<SP ID="P51_SP00133" HPOS="1094" VPOS="1356" WIDTH="18"/>
						<String ID="P51_ST00228" HPOS="1112" VPOS="1327" WIDTH="105" HEIGHT="22" CONTENT="Bivouac" WC="0.89" CC="0200005"/>
						<String ID="P51_ST00229" HPOS="1218" VPOS="1340" WIDTH="30" HEIGHT="3" CONTENT="—" WC="0.20" CC="8"/>
						<String ID="P51_ST00230" HPOS="1250" VPOS="1329" WIDTH="69" HEIGHT="27" CONTENT="500th" WC="0.70" CC="90014"/>
					</TextLine>
					<TextLine ID="P51_TL00018" HPOS="148" VPOS="1367" WIDTH="1020" HEIGHT="27">
						<String ID="P51_ST00231" HPOS="148" VPOS="1368" WIDTH="131" HEIGHT="22" CONTENT="Kilometre" WC="0.73" CC="204405140"/>
						<String ID="P51_ST00232" HPOS="280" VPOS="1381" WIDTH="29" HEIGHT="3" CONTENT="—" WC="0.20" CC="8"/>
						<String ID="P51_ST00233" HPOS="311" VPOS="1368" WIDTH="121" HEIGHT="22" CONTENT="Chantzeu" WC="0.85" CC="15001300"/>
						<SP ID="P51_SP00134" HPOS="432" VPOS="1390" WIDTH="17"/>
						<String ID="P51_ST00234" HPOS="449" VPOS="1368" WIDTH="47" HEIGHT="21" CONTENT="and" WC="1.00" CC="000"/>
						<SP ID="P51_SP00135" HPOS="496" VPOS="1390" WIDTH="17"/>
						<String ID="P51_ST00235" HPOS="513" VPOS="1368" WIDTH="36" HEIGHT="21" CONTENT="his" WC="0.92" CC="200"/>
						<SP ID="P51_SP00136" HPOS="549" VPOS="1390" WIDTH="18"/>
						<String ID="P51_ST00236" HPOS="567" VPOS="1368" WIDTH="73" HEIGHT="22" CONTENT="Steed" WC="0.99" CC="00000"/>
						<String ID="P51_ST00237" HPOS="642" VPOS="1381" WIDTH="29" HEIGHT="3" CONTENT="—" WC="0.20" CC="8"/>
						<String ID="P51_ST00238" HPOS="674" VPOS="1368" WIDTH="80" HEIGHT="26" CONTENT="Pretty" WC="0.82" CC="400500"/>
						<SP ID="P51_SP00137" HPOS="754" VPOS="1394" WIDTH="18"/>
						<String ID="P51_ST00239" HPOS="772" VPOS="1367" WIDTH="105" HEIGHT="27" CONTENT="Scenery" WC="0.82" CC="0005430"/>
						<String ID="P51_ST00240" HPOS="878" VPOS="1381" WIDTH="29" HEIGHT="2" CONTENT="—" WC="0.20" CC="8"/>
						<String ID="P51_ST00241" HPOS="908" VPOS="1367" WIDTH="94" HEIGHT="22" CONTENT="Arrival" WC="0.90" CC="0101003"/>
						<SP ID="P51_SP00138" HPOS="1002" VPOS="1394" WIDTH="16"/>
						<String ID="P51_ST00242" HPOS="1018" VPOS="1372" WIDTH="23" HEIGHT="17" CONTENT="at" WC="0.71" CC="05"/>
						<SP ID="P51_SP00139" HPOS="1041" VPOS="1394" WIDTH="19"/>
						<String ID="P51_ST00243" HPOS="1060" VPOS="1367" WIDTH="108" HEIGHT="23" CONTENT="Ssumao." WC="0.79" CC="0030820"/>
					</TextLine>
				</TextBlock>
				<TextBlock ID="P51_TB00005" HPOS="82" VPOS="1462" WIDTH="1236" HEIGHT="297" STYLEREFS="TXT_2 PAR_LEFT">
					<TextLine ID="P51_TL00019" HPOS="87" VPOS="1462" WIDTH="1231" HEIGHT="41">
						<String ID="P51_ST00244" HPOS="87" VPOS="1462" WIDTH="63" HEIGHT="30" CONTENT="We" WC="1.00" CC="00"/>
						<SP ID="P51_SP00140" HPOS="150" VPOS="1492" WIDTH="31"/>
						<String ID="P51_ST00245" HPOS="181" VPOS="1463" WIDTH="122" HEIGHT="39" CONTENT="quitted" WC="0.92" CC="0000500"/>
						<SP ID="P51_SP00141" HPOS="303" VPOS="1502" WIDTH="33"/>
						<String ID="P51_ST00246" HPOS="336" VPOS="1463" WIDTH="151" HEIGHT="40" CONTENT="Mongtse" WC="0.88" CC="0160000"/>
						<SP ID="P51_SP00142" HPOS="487" VPOS="1503" WIDTH="35"/>
						<String ID="P51_ST00247" HPOS="522" VPOS="1462" WIDTH="104" HEIGHT="40" CONTENT="finally" WC="0.84" CC="0009000"/>
						<SP ID="P51_SP00143" HPOS="626" VPOS="1503" WIDTH="28"/>
						<String ID="P51_ST00248" HPOS="654" VPOS="1473" WIDTH="41" HEIGHT="20" CONTENT="on" WC="0.58" CC="07"/>
						<SP ID="P51_SP00144" HPOS="695" VPOS="1503" WIDTH="31"/>
						<String ID="P51_ST00249" HPOS="726" VPOS="1462" WIDTH="53" HEIGHT="31" CONTENT="the" WC="1.00" CC="000"/>
						<SP ID="P51_SP00145" HPOS="779" VPOS="1503" WIDTH="35"/>
						<String ID="P51_ST00250" HPOS="814" VPOS="1462" WIDTH="75" HEIGHT="38" CONTENT="27th" WC="0.83" CC="0042"/>
						<SP ID="P51_SP00146" HPOS="889" VPOS="1503" WIDTH="36"/>
						<String ID="P51_ST00251" HPOS="925" VPOS="1462" WIDTH="169" HEIGHT="40" CONTENT="February." WC="0.96" CC="003000000"/>
						<SP ID="P51_SP00147" HPOS="1094" VPOS="1503" WIDTH="50"/>
						<String ID="P51_ST00252" HPOS="1144" VPOS="1462" WIDTH="98" HEIGHT="30" CONTENT="What" WC="0.76" CC="0071"/>
						<SP ID="P51_SP00148" HPOS="1242" VPOS="1503" WIDTH="31"/>
						<String ID="P51_ST00253" HPOS="1273" VPOS="1474" WIDTH="45" HEIGHT="20" CONTENT="we" WC="1.00" CC="00"/>
					</TextLine>
					<TextLine ID="P51_TL00020" HPOS="85" VPOS="1526" WIDTH="1233" HEIGHT="35">
						<String ID="P51_ST00254" HPOS="85" VPOS="1528" WIDTH="53" HEIGHT="28" CONTENT="did" WC="0.90" CC="030"/>
						<SP ID="P51_SP00149" HPOS="138" VPOS="1556" WIDTH="31"/>
						<String ID="P51_ST00255" HPOS="169" VPOS="1534" WIDTH="54" HEIGHT="23" CONTENT="not" WC="1.00" CC="000"/>
						<SP ID="P51_SP00150" HPOS="223" VPOS="1557" WIDTH="32"/>
						<String ID="P51_ST00256" HPOS="255" VPOS="1528" WIDTH="73" HEIGHT="29" CONTENT="take" WC="0.82" CC="0600"/>
						<SP ID="P51_SP00151" HPOS="328" VPOS="1557" WIDTH="31"/>
						<String ID="P51_ST00257" HPOS="359" VPOS="1527" WIDTH="73" HEIGHT="30" CONTENT="with" WC="0.86" CC="0050"/>
						<SP ID="P51_SP00152" HPOS="432" VPOS="1557" WIDTH="34"/>
						<String ID="P51_ST00258" HPOS="466" VPOS="1539" WIDTH="35" HEIGHT="18" CONTENT="us" WC="1.00" CC="00"/>
						<SP ID="P51_SP00153" HPOS="501" VPOS="1557" WIDTH="32"/>
						<String ID="P51_ST00259" HPOS="533" VPOS="1539" WIDTH="46" HEIGHT="18" CONTENT="we" WC="1.00" CC="00"/>
						<SP ID="P51_SP00154" HPOS="579" VPOS="1557" WIDTH="32"/>
						<String ID="P51_ST00260" HPOS="611" VPOS="1527" WIDTH="54" HEIGHT="30" CONTENT="left" WC="0.70" CC="6050"/>
						<SP ID="P51_SP00155" HPOS="665" VPOS="1557" WIDTH="25"/>
						<String ID="P51_ST00261" HPOS="690" VPOS="1528" WIDTH="30" HEIGHT="28" CONTENT="in" WC="0.56" CC="35"/>
						<SP ID="P51_SP00156" HPOS="720" VPOS="1557" WIDTH="23"/>
						<String ID="P51_ST00262" HPOS="743" VPOS="1528" WIDTH="54" HEIGHT="29" CONTENT="the" WC="0.69" CC="260"/>
						<SP ID="P51_SP00157" HPOS="797" VPOS="1557" WIDTH="31"/>
						<String ID="P51_ST00263" HPOS="828" VPOS="1538" WIDTH="70" HEIGHT="18" CONTENT="care" WC="0.99" CC="0000"/>
						<SP ID="P51_SP00158" HPOS="898" VPOS="1557" WIDTH="31"/>
						<String ID="P51_ST00264" HPOS="929" VPOS="1526" WIDTH="35" HEIGHT="30" CONTENT="of" WC="0.93" CC="10"/>
						<SP ID="P51_SP00159" HPOS="964" VPOS="1557" WIDTH="27"/>
						<String ID="P51_ST00265" HPOS="991" VPOS="1526" WIDTH="55" HEIGHT="30" CONTENT="the" WC="1.00" CC="000"/>
						<SP ID="P51_SP00160" HPOS="1046" VPOS="1557" WIDTH="22"/>
						<String ID="P51_ST00266" HPOS="1068" VPOS="1526" WIDTH="116" HEIGHT="35" CONTENT="consul," WC="0.90" CC="0040100"/>
						<SP ID="P51_SP00161" HPOS="1184" VPOS="1561" WIDTH="33"/>
						<String ID="P51_ST00267" HPOS="1217" VPOS="1534" WIDTH="32" HEIGHT="23" CONTENT="to" WC="1.00" CC="00"/>
						<SP ID="P51_SP00162" HPOS="1249" VPOS="1561" WIDTH="30"/>
						<String ID="P51_ST00268" HPOS="1279" VPOS="1528" WIDTH="39" HEIGHT="29" CONTENT="be" WC="1.00" CC="00"/>
					</TextLine>
					<TextLine ID="P51_TL00021" HPOS="85" VPOS="1590" WIDTH="1233" HEIGHT="42">
						<String ID="P51_ST00269" HPOS="85" VPOS="1591" WIDTH="193" HEIGHT="41" CONTENT="despatched" WC="0.96" CC="0000003000"/>
						<SP ID="P51_SP00163" HPOS="278" VPOS="1632" WIDTH="31"/>
						<String ID="P51_ST00270" HPOS="309" VPOS="1592" WIDTH="41" HEIGHT="39" CONTENT="by" WC="0.75" CC="05"/>
						<SP ID="P51_SP00164" HPOS="350" VPOS="1632" WIDTH="24"/>
						<String ID="P51_ST00271" HPOS="374" VPOS="1602" WIDTH="134" HEIGHT="19" CONTENT="caravan" WC="0.94" CC="0010002"/>
						<SP ID="P51_SP00165" HPOS="508" VPOS="1632" WIDTH="31"/>
						<String ID="P51_ST00272" HPOS="539" VPOS="1599" WIDTH="32" HEIGHT="22" CONTENT="to" WC="0.98" CC="00"/>
						<SP ID="P51_SP00166" HPOS="571" VPOS="1632" WIDTH="27"/>
						<String ID="P51_ST00273" HPOS="598" VPOS="1591" WIDTH="221" HEIGHT="30" CONTENT="Yiinnan-Sen" WC="0.77" CC="07721060000"/>
						<SP ID="P51_SP00167" HPOS="819" VPOS="1632" WIDTH="30"/>
						<String ID="P51_ST00274" HPOS="849" VPOS="1591" WIDTH="62" HEIGHT="30" CONTENT="and" WC="0.49" CC="860"/>
						<SP ID="P51_SP00168" HPOS="911" VPOS="1632" WIDTH="34"/>
						<String ID="P51_ST00275" HPOS="945" VPOS="1590" WIDTH="79" HEIGHT="30" CONTENT="Tali." WC="0.92" CC="00210"/>
						<SP ID="P51_SP00169" HPOS="1024" VPOS="1632" WIDTH="52"/>
						<String ID="P51_ST00276" HPOS="1076" VPOS="1591" WIDTH="47" HEIGHT="39" CONTENT="By" WC="1.00" CC="00"/>
						<SP ID="P51_SP00170" HPOS="1123" VPOS="1632" WIDTH="23"/>
						<String ID="P51_ST00277" HPOS="1146" VPOS="1590" WIDTH="55" HEIGHT="31" CONTENT="the" WC="0.78" CC="330"/>
						<SP ID="P51_SP00171" HPOS="1201" VPOS="1632" WIDTH="30"/>
						<String ID="P51_ST00278" HPOS="1231" VPOS="1602" WIDTH="87" HEIGHT="19" CONTENT="same" WC="0.78" CC="0800"/>
					</TextLine>
					<TextLine ID="P51_TL00022" HPOS="85" VPOS="1655" WIDTH="1233" HEIGHT="40">
						<String ID="P51_ST00279" HPOS="85" VPOS="1663" WIDTH="88" HEIGHT="22" CONTENT="route" WC="0.65" CC="52062"/>
						<SP ID="P51_SP00172" HPOS="173" VPOS="1685" WIDTH="23"/>
						<String ID="P51_ST00280" HPOS="196" VPOS="1666" WIDTH="47" HEIGHT="19" CONTENT="we" WC="1.00" CC="00"/>
						<SP ID="P51_SP00173" HPOS="243" VPOS="1685" WIDTH="25"/>
						<String ID="P51_ST00281" HPOS="268" VPOS="1666" WIDTH="81" HEIGHT="19" CONTENT="were" WC="0.98" CC="0000"/>
						<SP ID="P51_SP00174" HPOS="349" VPOS="1685" WIDTH="23"/>
						<String ID="P51_ST00282" HPOS="372" VPOS="1663" WIDTH="34" HEIGHT="22" CONTENT="to" WC="0.89" CC="02"/>
						<SP ID="P51_SP00175" HPOS="406" VPOS="1685" WIDTH="24"/>
						<String ID="P51_ST00283" HPOS="430" VPOS="1655" WIDTH="123" HEIGHT="30" CONTENT="receive" WC="0.89" CC="0000700"/>
						<SP ID="P51_SP00176" HPOS="553" VPOS="1685" WIDTH="24"/>
						<String ID="P51_ST00284" HPOS="577" VPOS="1666" WIDTH="17" HEIGHT="19" CONTENT="a" WC="1.00" CC="0"/>
						<SP ID="P51_SP00177" HPOS="594" VPOS="1685" WIDTH="23"/>
						<String ID="P51_ST00285" HPOS="617" VPOS="1655" WIDTH="88" HEIGHT="30" CONTENT="chest" WC="0.92" CC="00003"/>
						<SP ID="P51_SP00178" HPOS="705" VPOS="1685" WIDTH="24"/>
						<String ID="P51_ST00286" HPOS="729" VPOS="1655" WIDTH="35" HEIGHT="30" CONTENT="of" WC="0.80" CC="03"/>
						<SP ID="P51_SP00179" HPOS="764" VPOS="1685" WIDTH="19"/>
						<String ID="P51_ST00287" HPOS="783" VPOS="1666" WIDTH="19" HEIGHT="19" CONTENT="a" WC="1.00" CC="0"/>
						<SP ID="P51_SP00180" HPOS="802" VPOS="1685" WIDTH="23"/>
						<String ID="P51_ST00288" HPOS="825" VPOS="1655" WIDTH="158" HEIGHT="30" CONTENT="thousand" WC="0.99" CC="01000000"/>
						<SP ID="P51_SP00181" HPOS="983" VPOS="1685" WIDTH="24"/>
						<String ID="P51_ST00289" HPOS="1007" VPOS="1666" WIDTH="114" HEIGHT="29" CONTENT="rupees" WC="0.88" CC="420000"/>
						<SP ID="P51_SP00182" HPOS="1121" VPOS="1695" WIDTH="23"/>
						<String ID="P51_ST00290" HPOS="1144" VPOS="1655" WIDTH="62" HEIGHT="30" CONTENT="and" WC="1.00" CC="000"/>
						<SP ID="P51_SP00183" HPOS="1206" VPOS="1695" WIDTH="23"/>
						<String ID="P51_ST00291" HPOS="1229" VPOS="1666" WIDTH="89" HEIGHT="20" CONTENT="some" WC="1.00" CC="0000"/>
					</TextLine>
					<TextLine ID="P51_TL00023" HPOS="83" VPOS="1719" WIDTH="1038" HEIGHT="40">
						<String ID="P51_ST00292" HPOS="83" VPOS="1719" WIDTH="201" HEIGHT="40" CONTENT="photograph" WC="0.91" CC="0200000500"/>
						<SP ID="P51_SP00184" HPOS="284" VPOS="1759" WIDTH="24"/>
						<String ID="P51_ST00293" HPOS="308" VPOS="1719" WIDTH="100" HEIGHT="40" CONTENT="plates" WC="0.97" CC="010000"/>
						<SP ID="P51_SP00185" HPOS="408" VPOS="1759" WIDTH="25"/>
						<String ID="P51_ST00294" HPOS="433" VPOS="1719" WIDTH="101" HEIGHT="30" CONTENT="which" WC="0.92" CC="00200"/>
						<SP ID="P51_SP00186" HPOS="534" VPOS="1759" WIDTH="24"/>
						<String ID="P51_ST00295" HPOS="558" VPOS="1720" WIDTH="62" HEIGHT="30" CONTENT="had" WC="0.98" CC="000"/>
						<SP ID="P51_SP00187" HPOS="620" VPOS="1759" WIDTH="23"/>
						<String ID="P51_ST00296" HPOS="643" VPOS="1726" WIDTH="56" HEIGHT="24" CONTENT="not" WC="0.56" CC="309"/>
						<SP ID="P51_SP00188" HPOS="699" VPOS="1759" WIDTH="22"/>
						<String ID="P51_ST00297" HPOS="721" VPOS="1727" WIDTH="54" HEIGHT="32" CONTENT="yet" WC="0.79" CC="006"/>
						<SP ID="P51_SP00189" HPOS="775" VPOS="1759" WIDTH="24"/>
						<String ID="P51_ST00298" HPOS="799" VPOS="1719" WIDTH="135" HEIGHT="30" CONTENT="reached" WC="0.90" CC="0000600"/>
						<SP ID="P51_SP00190" HPOS="934" VPOS="1759" WIDTH="26"/>
						<String ID="P51_ST00299" HPOS="960" VPOS="1720" WIDTH="161" HEIGHT="39" CONTENT="Mongtse." WC="0.98" CC="00100000"/>
					</TextLine>
				</TextBlock>
				<TextBlock ID="P51_TB00006" HPOS="80" VPOS="1783" WIDTH="1235" HEIGHT="225" STYLEREFS="TXT_2 PAR_LEFT">
					<TextLine ID="P51_TL00024" HPOS="148" VPOS="1783" WIDTH="1167" HEIGHT="37">
						<String ID="P51_ST00300" HPOS="148" VPOS="1784" WIDTH="68" HEIGHT="31" CONTENT="Our" WC="0.90" CC="020"/>
						<SP ID="P51_SP00191" HPOS="216" VPOS="1815" WIDTH="30"/>
						<String ID="P51_ST00301" HPOS="246" VPOS="1792" WIDTH="77" HEIGHT="23" CONTENT="start" WC="0.91" CC="00004"/>
						<SP ID="P51_SP00192" HPOS="323" VPOS="1815" WIDTH="28"/>
						<String ID="P51_ST00302" HPOS="351" VPOS="1796" WIDTH="63" HEIGHT="19" CONTENT="was" WC="1.00" CC="000"/>
						<SP ID="P51_SP00193" HPOS="414" VPOS="1815" WIDTH="27"/>
						<String ID="P51_ST00303" HPOS="441" VPOS="1785" WIDTH="54" HEIGHT="30" CONTENT="the" WC="0.98" CC="000"/>
						<SP ID="P51_SP00194" HPOS="495" VPOS="1815" WIDTH="35"/>
						<String ID="P51_ST00304" HPOS="530" VPOS="1784" WIDTH="102" HEIGHT="36" CONTENT="signal" WC="0.83" CC="000530"/>
						<SP ID="P51_SP00195" HPOS="632" VPOS="1820" WIDTH="31"/>
						<String ID="P51_ST00305" HPOS="663" VPOS="1784" WIDTH="48" HEIGHT="31" CONTENT="for" WC="1.00" CC="000"/>
						<SP ID="P51_SP00196" HPOS="711" VPOS="1820" WIDTH="23"/>
						<String ID="P51_ST00306" HPOS="734" VPOS="1784" WIDTH="53" HEIGHT="30" CONTENT="the" WC="1.00" CC="000"/>
						<SP ID="P51_SP00197" HPOS="787" VPOS="1820" WIDTH="23"/>
						<String ID="P51_ST00307" HPOS="810" VPOS="1783" WIDTH="115" HEIGHT="37" CONTENT="letting" WC="0.83" CC="0004150"/>
						<SP ID="P51_SP00198" HPOS="925" VPOS="1820" WIDTH="22"/>
						<String ID="P51_ST00308" HPOS="947" VPOS="1783" WIDTH="47" HEIGHT="30" CONTENT="off" WC="0.67" CC="090"/>
						<SP ID="P51_SP00199" HPOS="994" VPOS="1820" WIDTH="25"/>
						<String ID="P51_ST00309" HPOS="1019" VPOS="1783" WIDTH="36" HEIGHT="30" CONTENT="of" WC="1.00" CC="00"/>
						<SP ID="P51_SP00200" HPOS="1055" VPOS="1820" WIDTH="26"/>
						<String ID="P51_ST00310" HPOS="1081" VPOS="1784" WIDTH="143" HEIGHT="30" CONTENT="crackers" WC="0.90" CC="00600000"/>
						<SP ID="P51_SP00201" HPOS="1224" VPOS="1820" WIDTH="30"/>
						<String ID="P51_ST00311" HPOS="1254" VPOS="1785" WIDTH="61" HEIGHT="30" CONTENT="and" WC="0.77" CC="600"/>
					</TextLine>
					<TextLine ID="P51_TL00025" HPOS="83" VPOS="1847" WIDTH="1232" HEIGHT="42">
						<String ID="P51_ST00312" HPOS="83" VPOS="1849" WIDTH="150" HEIGHT="30" CONTENT="muskets." WC="1.00" CC="00000000"/>
						<SP ID="P51_SP00202" HPOS="233" VPOS="1879" WIDTH="48"/>
						<String ID="P51_ST00313" HPOS="281" VPOS="1848" WIDTH="53" HEIGHT="31" CONTENT="All" WC="0.82" CC="004"/>
						<SP ID="P51_SP00203" HPOS="334" VPOS="1879" WIDTH="33"/>
						<String ID="P51_ST00314" HPOS="367" VPOS="1849" WIDTH="62" HEIGHT="30" CONTENT="this" WC="1.00" CC="0000"/>
						<SP ID="P51_SP00204" HPOS="429" VPOS="1879" WIDTH="33"/>
						<String ID="P51_ST00315" HPOS="462" VPOS="1860" WIDTH="121" HEIGHT="29" CONTENT="uproar," WC="0.97" CC="0000020"/>
						<SP ID="P51_SP00205" HPOS="583" VPOS="1889" WIDTH="27"/>
						<String ID="P51_ST00316" HPOS="610" VPOS="1848" WIDTH="101" HEIGHT="30" CONTENT="which" WC="0.91" CC="00400"/>
						<SP ID="P51_SP00206" HPOS="711" VPOS="1889" WIDTH="34"/>
						<String ID="P51_ST00317" HPOS="745" VPOS="1848" WIDTH="25" HEIGHT="30" CONTENT="is" WC="0.87" CC="20"/>
						<SP ID="P51_SP00207" HPOS="770" VPOS="1889" WIDTH="32"/>
						<String ID="P51_ST00318" HPOS="802" VPOS="1859" WIDTH="18" HEIGHT="18" CONTENT="a" WC="1.00" CC="0"/>
						<SP ID="P51_SP00208" HPOS="820" VPOS="1889" WIDTH="33"/>
						<String ID="P51_ST00319" HPOS="853" VPOS="1847" WIDTH="221" HEIGHT="31" CONTENT="conventional" WC="0.85" CC="004003360000"/>
						<SP ID="P51_SP00209" HPOS="1074" VPOS="1889" WIDTH="32"/>
						<String ID="P51_ST00320" HPOS="1106" VPOS="1848" WIDTH="155" HEIGHT="30" CONTENT="attention" WC="0.73" CC="033040605"/>
						<SP ID="P51_SP00210" HPOS="1261" VPOS="1889" WIDTH="24"/>
						<String ID="P51_ST00321" HPOS="1285" VPOS="1848" WIDTH="30" HEIGHT="30" CONTENT="in" WC="0.41" CC="56"/>
					</TextLine>
					<TextLine ID="P51_TL00026" HPOS="83" VPOS="1911" WIDTH="1232" HEIGHT="43">
						<String ID="P51_ST00322" HPOS="83" VPOS="1913" WIDTH="102" HEIGHT="30" CONTENT="China" WC="0.95" CC="00002"/>
						<SP ID="P51_SP00211" HPOS="185" VPOS="1943" WIDTH="23"/>
						<String ID="P51_ST00323" HPOS="208" VPOS="1925" WIDTH="41" HEIGHT="18" CONTENT="on" WC="0.69" CC="06"/>
						<SP ID="P51_SP00212" HPOS="249" VPOS="1943" WIDTH="24"/>
						<String ID="P51_ST00324" HPOS="273" VPOS="1914" WIDTH="54" HEIGHT="29" CONTENT="the" WC="1.00" CC="000"/>
						<SP ID="P51_SP00213" HPOS="327" VPOS="1943" WIDTH="23"/>
						<String ID="P51_ST00325" HPOS="350" VPOS="1913" WIDTH="112" HEIGHT="31" CONTENT="arrival" WC="1.00" CC="0000000"/>
						<SP ID="P51_SP00214" HPOS="462" VPOS="1944" WIDTH="25"/>
						<String ID="P51_ST00326" HPOS="487" VPOS="1925" WIDTH="35" HEIGHT="19" CONTENT="or" WC="0.97" CC="00"/>
						<SP ID="P51_SP00215" HPOS="522" VPOS="1944" WIDTH="22"/>
						<String ID="P51_ST00327" HPOS="544" VPOS="1914" WIDTH="168" HEIGHT="40" CONTENT="departure" WC="0.96" CC="000000200"/>
						<SP ID="P51_SP00216" HPOS="712" VPOS="1954" WIDTH="30"/>
						<String ID="P51_ST00328" HPOS="742" VPOS="1911" WIDTH="36" HEIGHT="31" CONTENT="of" WC="0.70" CC="14"/>
						<SP ID="P51_SP00217" HPOS="778" VPOS="1954" WIDTH="27"/>
						<String ID="P51_ST00329" HPOS="805" VPOS="1912" WIDTH="170" HEIGHT="35" CONTENT="travellers," WC="1.00" CC="00000000000"/>
						<SP ID="P51_SP00218" HPOS="975" VPOS="1954" WIDTH="27"/>
						<String ID="P51_ST00330" HPOS="1002" VPOS="1923" WIDTH="62" HEIGHT="19" CONTENT="was" WC="0.98" CC="000"/>
						<SP ID="P51_SP00219" HPOS="1064" VPOS="1954" WIDTH="25"/>
						<String ID="P51_ST00331" HPOS="1089" VPOS="1920" WIDTH="53" HEIGHT="22" CONTENT="not" WC="0.81" CC="500"/>
						<SP ID="P51_SP00220" HPOS="1142" VPOS="1954" WIDTH="24"/>
						<String ID="P51_ST00332" HPOS="1166" VPOS="1920" WIDTH="31" HEIGHT="22" CONTENT="at" WC="0.45" CC="55"/>
						<SP ID="P51_SP00221" HPOS="1197" VPOS="1954" WIDTH="23"/>
						<String ID="P51_ST00333" HPOS="1220" VPOS="1912" WIDTH="40" HEIGHT="30" CONTENT="all" WC="0.64" CC="054"/>
						<SP ID="P51_SP00222" HPOS="1260" VPOS="1954" WIDTH="24"/>
						<String ID="P51_ST00334" HPOS="1284" VPOS="1921" WIDTH="31" HEIGHT="22" CONTENT="to" WC="1.00" CC="00"/>
					</TextLine>
					<TextLine ID="P51_TL00027" HPOS="80" VPOS="1976" WIDTH="1235" HEIGHT="32">
						<String ID="P51_ST00335" HPOS="80" VPOS="1977" WIDTH="55" HEIGHT="31" CONTENT="the" WC="1.00" CC="000"/>
						<SP ID="P51_SP00223" HPOS="135" VPOS="2008" WIDTH="27"/>
						<String ID="P51_ST00336" HPOS="162" VPOS="1986" WIDTH="80" HEIGHT="22" CONTENT="taste" WC="0.91" CC="00040"/>
						<SP ID="P51_SP00224" HPOS="242" VPOS="2008" WIDTH="32"/>
						<String ID="P51_ST00337" HPOS="274" VPOS="1979" WIDTH="37" HEIGHT="29" CONTENT="of" WC="0.67" CC="15"/>
						<SP ID="P51_SP00225" HPOS="311" VPOS="2008" WIDTH="27"/>
						<String ID="P51_ST00338" HPOS="338" VPOS="1990" WIDTH="57" HEIGHT="18" CONTENT="our" WC="0.98" CC="000"/>
						<SP ID="P51_SP00226" HPOS="395" VPOS="2008" WIDTH="23"/>
						<String ID="P51_ST00339" HPOS="418" VPOS="1979" WIDTH="117" HEIGHT="29" CONTENT="horses," WC="0.92" CC="1000004"/>
						<SP ID="P51_SP00227" HPOS="535" VPOS="2008" WIDTH="26"/>
						<String ID="P51_ST00340" HPOS="561" VPOS="1978" WIDTH="63" HEIGHT="30" CONTENT="and" WC="1.00" CC="000"/>
						<SP ID="P51_SP00228" HPOS="624" VPOS="2008" WIDTH="33"/>
						<String ID="P51_ST00341" HPOS="657" VPOS="1978" WIDTH="114" HEIGHT="30" CONTENT="caused" WC="1.00" CC="000000"/>
						<SP ID="P51_SP00229" HPOS="771" VPOS="2008" WIDTH="32"/>
						<String ID="P51_ST00342" HPOS="803" VPOS="1977" WIDTH="87" HEIGHT="30" CONTENT="them" WC="1.00" CC="0000"/>
						<SP ID="P51_SP00230" HPOS="890" VPOS="2008" WIDTH="34"/>
						<String ID="P51_ST00343" HPOS="924" VPOS="1984" WIDTH="32" HEIGHT="23" CONTENT="to" WC="0.86" CC="20"/>
						<SP ID="P51_SP00231" HPOS="956" VPOS="2008" WIDTH="31"/>
						<String ID="P51_ST00344" HPOS="987" VPOS="1976" WIDTH="40" HEIGHT="31" CONTENT="be" WC="1.00" CC="00"/>
						<SP ID="P51_SP00232" HPOS="1027" VPOS="2008" WIDTH="32"/>
						<String ID="P51_ST00345" HPOS="1059" VPOS="1977" WIDTH="123" HEIGHT="30" CONTENT="restive." WC="0.93" CC="00004000"/>
						<SP ID="P51_SP00233" HPOS="1182" VPOS="2008" WIDTH="52"/>
						<String ID="P51_ST00346" HPOS="1234" VPOS="1976" WIDTH="36" HEIGHT="30" CONTENT="In" WC="0.77" CC="03"/>
						<SP ID="P51_SP00234" HPOS="1270" VPOS="2008" WIDTH="28"/>
						<String ID="P51_ST00347" HPOS="1298" VPOS="1988" WIDTH="17" HEIGHT="19" CONTENT="a" WC="1.00" CC="0"/>
					</TextLine>
				</TextBlock>
				<TextBlock ID="P51_TB00007" HPOS="78" VPOS="2040" WIDTH="1235" HEIGHT="107" STYLEREFS="TXT_2 PAR_LEFT">
					<TextLine ID="P51_TL00028" HPOS="79" VPOS="2041" WIDTH="1234" HEIGHT="43">
						<String ID="P51_ST00348" HPOS="79" VPOS="2042" WIDTH="112" HEIGHT="41" CONTENT="couple" WC="0.91" CC="000050"/>
						<SP ID="P51_SP00235" HPOS="191" VPOS="2083" WIDTH="31"/>
						<String ID="P51_ST00349" HPOS="222" VPOS="2043" WIDTH="35" HEIGHT="30" CONTENT="of" WC="0.77" CC="04"/>
						<SP ID="P51_SP00236" HPOS="257" VPOS="2083" WIDTH="31"/>
						<String ID="P51_ST00350" HPOS="288" VPOS="2043" WIDTH="127" HEIGHT="31" CONTENT="months" WC="0.93" CC="000400"/>
						<SP ID="P51_SP00237" HPOS="415" VPOS="2083" WIDTH="35"/>
						<String ID="P51_ST00351" HPOS="450" VPOS="2054" WIDTH="61" HEIGHT="29" CONTENT="you" WC="1.00" CC="000"/>
						<SP ID="P51_SP00238" HPOS="511" VPOS="2083" WIDTH="35"/>
						<String ID="P51_ST00352" HPOS="546" VPOS="2043" WIDTH="102" HEIGHT="41" CONTENT="might" WC="0.89" CC="00005"/>
						<SP ID="P51_SP00239" HPOS="648" VPOS="2084" WIDTH="34"/>
						<String ID="P51_ST00353" HPOS="682" VPOS="2042" WIDTH="82" HEIGHT="31" CONTENT="have" WC="0.90" CC="0300"/>
						<SP ID="P51_SP00240" HPOS="764" VPOS="2084" WIDTH="38"/>
						<String ID="P51_ST00354" HPOS="802" VPOS="2041" WIDTH="77" HEIGHT="31" CONTENT="fired" WC="0.83" CC="44000"/>
						<SP ID="P51_SP00241" HPOS="879" VPOS="2084" WIDTH="35"/>
						<String ID="P51_ST00355" HPOS="914" VPOS="2052" WIDTH="18" HEIGHT="19" CONTENT="a" WC="1.00" CC="0"/>
						<SP ID="P51_SP00242" HPOS="932" VPOS="2084" WIDTH="37"/>
						<String ID="P51_ST00356" HPOS="969" VPOS="2041" WIDTH="175" HEIGHT="40" CONTENT="field-piece" WC="0.87" CC="11010306000"/>
						<SP ID="P51_SP00243" HPOS="1144" VPOS="2084" WIDTH="39"/>
						<String ID="P51_ST00357" HPOS="1183" VPOS="2041" WIDTH="130" HEIGHT="30" CONTENT="without" WC="0.99" CC="0000000"/>
					</TextLine>
					<TextLine ID="P51_TL00029" HPOS="79" VPOS="2107" WIDTH="899" HEIGHT="40">
						<String ID="P51_ST00358" HPOS="79" VPOS="2108" WIDTH="130" HEIGHT="39" CONTENT="making" WC="0.81" CC="032500"/>
						<SP ID="P51_SP00244" HPOS="209" VPOS="2147" WIDTH="24"/>
						<String ID="P51_ST00359" HPOS="233" VPOS="2107" WIDTH="53" HEIGHT="31" CONTENT="the" WC="0.97" CC="000"/>
						<SP ID="P51_SP00245" HPOS="286" VPOS="2147" WIDTH="24"/>
						<String ID="P51_ST00360" HPOS="310" VPOS="2119" WIDTH="86" HEIGHT="19" CONTENT="same" WC="0.99" CC="0000"/>
						<SP ID="P51_SP00246" HPOS="396" VPOS="2147" WIDTH="25"/>
						<String ID="P51_ST00361" HPOS="421" VPOS="2114" WIDTH="156" HEIGHT="24" CONTENT="worn-out" WC="0.93" CC="20020001"/>
						<SP ID="P51_SP00247" HPOS="577" VPOS="2147" WIDTH="23"/>
						<String ID="P51_ST00362" HPOS="600" VPOS="2108" WIDTH="106" HEIGHT="30" CONTENT="beasts" WC="0.95" CC="300000"/>
						<SP ID="P51_SP00248" HPOS="706" VPOS="2147" WIDTH="24"/>
						<String ID="P51_ST00363" HPOS="730" VPOS="2107" WIDTH="106" HEIGHT="30" CONTENT="twitch" WC="0.89" CC="050010"/>
						<SP ID="P51_SP00249" HPOS="836" VPOS="2147" WIDTH="25"/>
						<String ID="P51_ST00364" HPOS="861" VPOS="2117" WIDTH="40" HEIGHT="19" CONTENT="an" WC="0.65" CC="24"/>
						<SP ID="P51_SP00250" HPOS="901" VPOS="2147" WIDTH="24"/>
						<String ID="P51_ST00365" HPOS="925" VPOS="2117" WIDTH="53" HEIGHT="20" CONTENT="ear" WC="1.00" CC="000"/>
					</TextLine>
				</TextBlock>
			</PrintSpace>
		</Page>
	</Layout>
</alto>
