<?xml version="1.0" encoding="UTF-8"?>
<alto xmlns:xsi="http://www.w3.org/2001/XMLSchema-instance" xsi:noNamespaceSchemaLocation="http://www.bl.uk/schemas/alto/alto-1-4.xsd" xmlns:xlink="http://www.w3.org/1999/xlink">
	<Description>
		<MeasurementUnit>mm10</MeasurementUnit>
		<sourceImageInformation>
			<fileName>//head1/IN/2008-10/A0011321378/004501.jp2</fileName>
		</sourceImageInformation>
		<OCRProcessing ID="OCRPROCESSING_1">
			<preProcessingStep>
				<processingSoftware>
					<softwareCreator>CCS Content Conversion Specialists GmbH, Germany</softwareCreator>
					<softwareName>CCS docWORKS</softwareName>
					<softwareVersion>6.1-0.67</softwareVersion>
				</processingSoftware>
			</preProcessingStep>
			<ocrProcessingStep>
				<processingSoftware>
					<softwareCreator>ABBYY (BIT Software), Russia</softwareCreator>
					<softwareName>Finereader</softwareName>
				</processingSoftware>
			</ocrProcessingStep>
		</OCRProcessing>
	</Description>
	<Styles>
		<TextStyle ID="TXT_0" FONTSIZE="10" FONTFAMILY="Courier New"/>
		<ParagraphStyle ID="PAR_LEFT" ALIGN="Left"/>
		<ParagraphStyle ID="PAR_CENTER" ALIGN="Center"/>
	</Styles>
	<Layout>
		<Page ID="P183" PHYSICAL_IMG_NR="183" HEIGHT="2357" WIDTH="1617" PRINTED_IMG_NR="167" POSITION="Right" ACCURACY="89.35">
			<TopMargin ID="P183_TM00001" HPOS="0" VPOS="0" WIDTH="1617" HEIGHT="140"/>
			<LeftMargin ID="P183_LM00001" HPOS="0" VPOS="140" WIDTH="139" HEIGHT="2023"/>
			<RightMargin ID="P183_RM00001" HPOS="1385" VPOS="140" WIDTH="232" HEIGHT="2023"/>
			<BottomMargin ID="P183_BM00001" HPOS="0" VPOS="2163" WIDTH="1617" HEIGHT="194">
				<TextBlock ID="P183_TB00001" HPOS="739" VPOS="2164" WIDTH="55" HEIGHT="34" STYLEREFS="TXT_0 PAR_LEFT">
					<TextLine ID="P183_TL00001" HPOS="739" VPOS="2164" WIDTH="55" HEIGHT="34">
						<String ID="P183_ST00001" HPOS="739" VPOS="2164" WIDTH="55" HEIGHT="34" CONTENT="167" WC="1.00" CC="000"/>
					</TextLine>
				</TextBlock>
			</BottomMargin>
			<PrintSpace ID="P183_PS00001" HPOS="139" VPOS="140" WIDTH="1246" HEIGHT="2023">
				<TextBlock ID="P183_TB00002" HPOS="472" VPOS="140" WIDTH="582" HEIGHT="31" STYLEREFS="TXT_0 PAR_CENTER">
					<TextLine ID="P183_TL00002" HPOS="473" VPOS="141" WIDTH="581" HEIGHT="30">
						<String ID="P183_ST00002" HPOS="473" VPOS="142" WIDTH="132" HEIGHT="29" CONTENT="FROM" WC="1.00" CC="0000"/>
						<SP ID="P183_SP00001" HPOS="605" VPOS="171" WIDTH="27"/>
						<String ID="P183_ST00003" HPOS="632" VPOS="141" WIDTH="111" HEIGHT="29" CONTENT="TALI" WC="0.90" CC="0030"/>
						<SP ID="P183_SP00002" HPOS="743" VPOS="171" WIDTH="28"/>
						<String ID="P183_ST00004" HPOS="771" VPOS="141" WIDTH="63" HEIGHT="29" CONTENT="TO" WC="1.00" CC="00"/>
						<SP ID="P183_SP00003" HPOS="834" VPOS="171" WIDTH="26"/>
						<String ID="P183_ST00005" HPOS="860" VPOS="142" WIDTH="194" HEIGHT="29" CONTENT="TSEKOU" WC="0.86" CC="000160"/>
					</TextLine>
				</TextBlock>
				<TextBlock ID="P183_TB00003" HPOS="139" VPOS="243" WIDTH="1240" HEIGHT="353" STYLEREFS="TXT_0 PAR_LEFT">
					<TextLine ID="P183_TL00003" HPOS="142" VPOS="244" WIDTH="1236" HEIGHT="45">
						<String ID="P183_ST00006" HPOS="142" VPOS="244" WIDTH="63" HEIGHT="31" CONTENT="We" WC="1.00" CC="00"/>
						<SP ID="P183_SP00004" HPOS="205" VPOS="275" WIDTH="24"/>
						<String ID="P183_ST00007" HPOS="229" VPOS="247" WIDTH="63" HEIGHT="30" CONTENT="had" WC="1.00" CC="000"/>
						<SP ID="P183_SP00005" HPOS="292" VPOS="277" WIDTH="19"/>
						<String ID="P183_ST00008" HPOS="311" VPOS="248" WIDTH="158" HEIGHT="30" CONTENT="ascended" WC="1.00" CC="00000000"/>
						<SP ID="P183_SP00006" HPOS="469" VPOS="278" WIDTH="25"/>
						<String ID="P183_ST00009" HPOS="494" VPOS="258" WIDTH="35" HEIGHT="19" CONTENT="so" WC="1.00" CC="00"/>
						<SP ID="P183_SP00007" HPOS="529" VPOS="278" WIDTH="24"/>
						<String ID="P183_ST00010" HPOS="553" VPOS="248" WIDTH="46" HEIGHT="29" CONTENT="far" WC="0.96" CC="001"/>
						<SP ID="P183_SP00008" HPOS="599" VPOS="278" WIDTH="23"/>
						<String ID="P183_ST00011" HPOS="622" VPOS="247" WIDTH="96" HEIGHT="30" CONTENT="faster" WC="0.84" CC="400040"/>
						<SP ID="P183_SP00009" HPOS="718" VPOS="278" WIDTH="22"/>
						<String ID="P183_ST00012" HPOS="740" VPOS="247" WIDTH="76" HEIGHT="30" CONTENT="than" WC="0.88" CC="0004"/>
						<SP ID="P183_SP00010" HPOS="816" VPOS="278" WIDTH="24"/>
						<String ID="P183_ST00013" HPOS="840" VPOS="259" WIDTH="46" HEIGHT="19" CONTENT="we" WC="0.96" CC="00"/>
						<SP ID="P183_SP00011" HPOS="886" VPOS="278" WIDTH="22"/>
						<String ID="P183_ST00014" HPOS="908" VPOS="249" WIDTH="60" HEIGHT="29" CONTENT="had" WC="1.00" CC="000"/>
						<SP ID="P183_SP00012" HPOS="968" VPOS="278" WIDTH="23"/>
						<String ID="P183_ST00015" HPOS="991" VPOS="250" WIDTH="199" HEIGHT="39" CONTENT="anticipated," WC="0.89" CC="050400000003"/>
						<SP ID="P183_SP00013" HPOS="1190" VPOS="289" WIDTH="19"/>
						<String ID="P183_ST00016" HPOS="1209" VPOS="250" WIDTH="62" HEIGHT="30" CONTENT="and" WC="1.00" CC="000"/>
						<SP ID="P183_SP00014" HPOS="1271" VPOS="289" WIDTH="20"/>
						<String ID="P183_ST00017" HPOS="1291" VPOS="250" WIDTH="87" HEIGHT="30" CONTENT="with" SUBS_TYPE="HypPart1" SUBS_CONTENT="without" WC="0.77" CC="05500"/>
						<HYP CONTENT="-"/>
					</TextLine>
					<TextLine ID="P183_TL00004" HPOS="141" VPOS="311" WIDTH="1238" HEIGHT="43">
						<String ID="P183_ST00018" HPOS="141" VPOS="317" WIDTH="58" HEIGHT="23" CONTENT="out" SUBS_TYPE="HypPart2" SUBS_CONTENT="without" WC="0.54" CC="723"/>
						<SP ID="P183_SP00015" HPOS="199" VPOS="340" WIDTH="25"/>
						<String ID="P183_ST00019" HPOS="224" VPOS="311" WIDTH="174" HEIGHT="31" CONTENT="hindrance" WC="0.90" CC="035000000"/>
						<SP ID="P183_SP00016" HPOS="398" VPOS="342" WIDTH="24"/>
						<String ID="P183_ST00020" HPOS="422" VPOS="313" WIDTH="78" HEIGHT="28" CONTENT="from" WC="0.78" CC="6200"/>
						<SP ID="P183_SP00017" HPOS="500" VPOS="342" WIDTH="26"/>
						<String ID="P183_ST00021" HPOS="526" VPOS="313" WIDTH="91" HEIGHT="28" CONTENT="other" WC="0.72" CC="05502"/>
						<SP ID="P183_SP00018" HPOS="617" VPOS="342" WIDTH="23"/>
						<String ID="P183_ST00022" HPOS="640" VPOS="323" WIDTH="127" HEIGHT="18" CONTENT="sources" WC="0.91" CC="0060000"/>
						<SP ID="P183_SP00019" HPOS="767" VPOS="342" WIDTH="25"/>
						<String ID="P183_ST00023" HPOS="792" VPOS="313" WIDTH="74" HEIGHT="29" CONTENT="than" WC="0.85" CC="0600"/>
						<SP ID="P183_SP00020" HPOS="866" VPOS="342" WIDTH="26"/>
						<String ID="P183_ST00024" HPOS="892" VPOS="313" WIDTH="90" HEIGHT="30" CONTENT="those" WC="0.94" CC="20000"/>
						<SP ID="P183_SP00021" HPOS="982" VPOS="343" WIDTH="25"/>
						<String ID="P183_ST00025" HPOS="1007" VPOS="313" WIDTH="34" HEIGHT="30" CONTENT="of" WC="1.00" CC="00"/>
						<SP ID="P183_SP00022" HPOS="1041" VPOS="343" WIDTH="21"/>
						<String ID="P183_ST00026" HPOS="1062" VPOS="320" WIDTH="116" HEIGHT="24" CONTENT="nature." WC="0.77" CC="0915000"/>
						<SP ID="P183_SP00023" HPOS="1178" VPOS="344" WIDTH="49"/>
						<String ID="P183_ST00027" HPOS="1227" VPOS="314" WIDTH="30" HEIGHT="30" CONTENT="A" WC="1.00" CC="0"/>
						<SP ID="P183_SP00024" HPOS="1257" VPOS="344" WIDTH="18"/>
						<String ID="P183_ST00028" HPOS="1275" VPOS="322" WIDTH="104" HEIGHT="32" CONTENT="report" WC="1.00" CC="000000"/>
					</TextLine>
					<TextLine ID="P183_TL00005" HPOS="142" VPOS="373" WIDTH="1237" HEIGHT="43">
						<String ID="P183_ST00029" HPOS="142" VPOS="373" WIDTH="64" HEIGHT="30" CONTENT="had" WC="0.67" CC="900"/>
						<SP ID="P183_SP00025" HPOS="206" VPOS="403" WIDTH="33"/>
						<String ID="P183_ST00030" HPOS="239" VPOS="376" WIDTH="114" HEIGHT="39" CONTENT="spread" WC="0.94" CC="003000"/>
						<SP ID="P183_SP00026" HPOS="353" VPOS="415" WIDTH="31"/>
						<String ID="P183_ST00031" HPOS="384" VPOS="386" WIDTH="117" HEIGHT="30" CONTENT="among" WC="0.99" CC="00000"/>
						<SP ID="P183_SP00027" HPOS="501" VPOS="416" WIDTH="25"/>
						<String ID="P183_ST00032" HPOS="526" VPOS="375" WIDTH="53" HEIGHT="30" CONTENT="the" WC="0.84" CC="400"/>
						<SP ID="P183_SP00028" HPOS="579" VPOS="416" WIDTH="27"/>
						<String ID="P183_ST00033" HPOS="606" VPOS="376" WIDTH="131" HEIGHT="30" CONTENT="Lissous" WC="0.92" CC="3000010"/>
						<SP ID="P183_SP00029" HPOS="737" VPOS="416" WIDTH="25"/>
						<String ID="P183_ST00034" HPOS="762" VPOS="376" WIDTH="67" HEIGHT="30" CONTENT="that" WC="0.90" CC="3000"/>
						<SP ID="P183_SP00030" HPOS="829" VPOS="416" WIDTH="24"/>
						<String ID="P183_ST00035" HPOS="853" VPOS="388" WIDTH="46" HEIGHT="19" CONTENT="we" WC="1.00" CC="00"/>
						<SP ID="P183_SP00031" HPOS="899" VPOS="416" WIDTH="25"/>
						<String ID="P183_ST00036" HPOS="924" VPOS="389" WIDTH="81" HEIGHT="18" CONTENT="were" WC="1.00" CC="0000"/>
						<SP ID="P183_SP00032" HPOS="1005" VPOS="416" WIDTH="25"/>
						<String ID="P183_ST00037" HPOS="1030" VPOS="377" WIDTH="108" HEIGHT="35" CONTENT="devils," WC="0.88" CC="0004003"/>
						<SP ID="P183_SP00033" HPOS="1138" VPOS="416" WIDTH="35"/>
						<String ID="P183_ST00038" HPOS="1173" VPOS="379" WIDTH="62" HEIGHT="28" CONTENT="and" WC="1.00" CC="000"/>
						<SP ID="P183_SP00034" HPOS="1235" VPOS="416" WIDTH="32"/>
						<String ID="P183_ST00039" HPOS="1267" VPOS="389" WIDTH="34" HEIGHT="19" CONTENT="so" WC="1.00" CC="00"/>
						<SP ID="P183_SP00035" HPOS="1301" VPOS="416" WIDTH="32"/>
						<String ID="P183_ST00040" HPOS="1333" VPOS="390" WIDTH="46" HEIGHT="17" CONTENT="we" WC="1.00" CC="00"/>
					</TextLine>
					<TextLine ID="P183_TL00006" HPOS="141" VPOS="439" WIDTH="1237" HEIGHT="41">
						<String ID="P183_ST00041" HPOS="141" VPOS="448" WIDTH="84" HEIGHT="20" CONTENT="were" WC="1.00" CC="0000"/>
						<SP ID="P183_SP00036" HPOS="225" VPOS="468" WIDTH="25"/>
						<String ID="P183_ST00042" HPOS="250" VPOS="439" WIDTH="173" HEIGHT="40" CONTENT="respected." WC="0.94" CC="2000000003"/>
						<SP ID="P183_SP00037" HPOS="423" VPOS="479" WIDTH="50"/>
						<String ID="P183_ST00043" HPOS="473" VPOS="439" WIDTH="53" HEIGHT="29" CONTENT="On" WC="0.66" CC="06"/>
						<SP ID="P183_SP00038" HPOS="526" VPOS="479" WIDTH="25"/>
						<String ID="P183_ST00044" HPOS="551" VPOS="439" WIDTH="54" HEIGHT="29" CONTENT="the" WC="0.82" CC="040"/>
						<SP ID="P183_SP00039" HPOS="605" VPOS="479" WIDTH="23"/>
						<String ID="P183_ST00045" HPOS="628" VPOS="440" WIDTH="47" HEIGHT="29" CONTENT="col" WC="0.84" CC="004"/>
						<SP ID="P183_SP00040" HPOS="675" VPOS="479" WIDTH="25"/>
						<String ID="P183_ST00046" HPOS="700" VPOS="451" WIDTH="46" HEIGHT="18" CONTENT="we" WC="1.00" CC="00"/>
						<SP ID="P183_SP00041" HPOS="746" VPOS="479" WIDTH="18"/>
						<String ID="P183_ST00047" HPOS="764" VPOS="451" WIDTH="81" HEIGHT="19" CONTENT="were" WC="0.84" CC="0050"/>
						<SP ID="P183_SP00042" HPOS="845" VPOS="479" WIDTH="23"/>
						<String ID="P183_ST00048" HPOS="868" VPOS="448" WIDTH="32" HEIGHT="23" CONTENT="at" WC="1.00" CC="00"/>
						<SP ID="P183_SP00043" HPOS="900" VPOS="479" WIDTH="16"/>
						<String ID="P183_ST00049" HPOS="916" VPOS="452" WIDTH="39" HEIGHT="18" CONTENT="an" WC="1.00" CC="00"/>
						<SP ID="P183_SP00044" HPOS="955" VPOS="479" WIDTH="18"/>
						<String ID="P183_ST00050" HPOS="973" VPOS="440" WIDTH="131" HEIGHT="31" CONTENT="altitude" WC="0.81" CC="03150500"/>
						<SP ID="P183_SP00045" HPOS="1104" VPOS="479" WIDTH="17"/>
						<String ID="P183_ST00051" HPOS="1121" VPOS="441" WIDTH="36" HEIGHT="30" CONTENT="of" WC="1.00" CC="00"/>
						<SP ID="P183_SP00046" HPOS="1157" VPOS="479" WIDTH="24"/>
						<String ID="P183_ST00052" HPOS="1181" VPOS="444" WIDTH="108" HEIGHT="36" CONTENT="11,463" WC="0.85" CC="033010"/>
						<SP ID="P183_SP00047" HPOS="1289" VPOS="480" WIDTH="19"/>
						<String ID="P183_ST00053" HPOS="1308" VPOS="442" WIDTH="70" HEIGHT="36" CONTENT="feet," WC="0.64" CC="57050"/>
					</TextLine>
					<TextLine ID="P183_TL00007" HPOS="141" VPOS="502" WIDTH="1238" HEIGHT="37">
						<String ID="P183_ST00054" HPOS="141" VPOS="502" WIDTH="63" HEIGHT="29" CONTENT="and" WC="0.81" CC="050"/>
						<SP ID="P183_SP00048" HPOS="204" VPOS="531" WIDTH="31"/>
						<String ID="P183_ST00055" HPOS="235" VPOS="503" WIDTH="119" HEIGHT="30" CONTENT="astride" WC="0.66" CC="3605600"/>
						<SP ID="P183_SP00049" HPOS="354" VPOS="533" WIDTH="31"/>
						<String ID="P183_ST00056" HPOS="385" VPOS="503" WIDTH="54" HEIGHT="30" CONTENT="the" WC="0.90" CC="020"/>
						<SP ID="P183_SP00050" HPOS="439" VPOS="533" WIDTH="33"/>
						<String ID="P183_ST00057" HPOS="472" VPOS="504" WIDTH="177" HEIGHT="30" CONTENT="watershed" WC="0.94" CC="000030100"/>
						<SP ID="P183_SP00051" HPOS="649" VPOS="534" WIDTH="31"/>
						<String ID="P183_ST00058" HPOS="680" VPOS="504" WIDTH="144" HEIGHT="30" CONTENT="between" WC="0.92" CC="0000005"/>
						<SP ID="P183_SP00052" HPOS="824" VPOS="534" WIDTH="32"/>
						<String ID="P183_ST00059" HPOS="856" VPOS="504" WIDTH="53" HEIGHT="30" CONTENT="the" WC="1.00" CC="000"/>
						<SP ID="P183_SP00053" HPOS="909" VPOS="534" WIDTH="31"/>
						<String ID="P183_ST00060" HPOS="940" VPOS="505" WIDTH="106" HEIGHT="29" CONTENT="basins" WC="0.79" CC="070410"/>
						<SP ID="P183_SP00054" HPOS="1046" VPOS="534" WIDTH="32"/>
						<String ID="P183_ST00061" HPOS="1078" VPOS="506" WIDTH="35" HEIGHT="28" CONTENT="of" WC="1.00" CC="00"/>
						<SP ID="P183_SP00055" HPOS="1113" VPOS="534" WIDTH="35"/>
						<String ID="P183_ST00062" HPOS="1148" VPOS="505" WIDTH="54" HEIGHT="30" CONTENT="the" WC="1.00" CC="000"/>
						<SP ID="P183_SP00056" HPOS="1202" VPOS="535" WIDTH="33"/>
						<String ID="P183_ST00063" HPOS="1235" VPOS="506" WIDTH="144" HEIGHT="33" CONTENT="Mekong" WC="0.88" CC="003030"/>
					</TextLine>
					<TextLine ID="P183_TL00008" HPOS="140" VPOS="567" WIDTH="306" HEIGHT="29">
						<String ID="P183_ST00064" HPOS="140" VPOS="567" WIDTH="66" HEIGHT="28" CONTENT="and" WC="0.46" CC="960"/>
						<SP ID="P183_SP00057" HPOS="206" VPOS="595" WIDTH="25"/>
						<String ID="P183_ST00065" HPOS="231" VPOS="567" WIDTH="53" HEIGHT="29" CONTENT="the" WC="0.97" CC="000"/>
						<SP ID="P183_SP00058" HPOS="284" VPOS="596" WIDTH="27"/>
						<String ID="P183_ST00066" HPOS="311" VPOS="567" WIDTH="135" HEIGHT="29" CONTENT="Salwen." WC="0.83" CC="0820000"/>
					</TextLine>
				</TextBlock>
				<TextBlock ID="P183_TB00004" HPOS="140" VPOS="629" WIDTH="1245" HEIGHT="1198" STYLEREFS="TXT_0 PAR_LEFT">
					<TextLine ID="P183_TL00009" HPOS="209" VPOS="630" WIDTH="1169" HEIGHT="41">
						<String ID="P183_ST00067" HPOS="209" VPOS="630" WIDTH="72" HEIGHT="31" CONTENT="The" WC="1.00" CC="000"/>
						<SP ID="P183_SP00059" HPOS="281" VPOS="661" WIDTH="32"/>
						<String ID="P183_ST00068" HPOS="313" VPOS="643" WIDTH="73" HEIGHT="28" CONTENT="pass" WC="0.80" CC="7000"/>
						<SP ID="P183_SP00060" HPOS="386" VPOS="671" WIDTH="28"/>
						<String ID="P183_ST00069" HPOS="414" VPOS="643" WIDTH="35" HEIGHT="18" CONTENT="as" WC="0.55" CC="80"/>
						<SP ID="P183_SP00061" HPOS="449" VPOS="671" WIDTH="26"/>
						<String ID="P183_ST00070" HPOS="475" VPOS="632" WIDTH="69" HEIGHT="29" CONTENT="well" WC="0.78" CC="0053"/>
						<SP ID="P183_SP00062" HPOS="544" VPOS="671" WIDTH="32"/>
						<String ID="P183_ST00071" HPOS="576" VPOS="643" WIDTH="34" HEIGHT="18" CONTENT="as" WC="1.00" CC="00"/>
						<SP ID="P183_SP00063" HPOS="610" VPOS="671" WIDTH="26"/>
						<String ID="P183_ST00072" HPOS="636" VPOS="632" WIDTH="52" HEIGHT="30" CONTENT="the" WC="1.00" CC="000"/>
						<SP ID="P183_SP00064" HPOS="688" VPOS="671" WIDTH="25"/>
						<String ID="P183_ST00073" HPOS="713" VPOS="633" WIDTH="162" HEIGHT="29" CONTENT="mountain" WC="0.87" CC="00100025"/>
						<SP ID="P183_SP00065" HPOS="875" VPOS="671" WIDTH="25"/>
						<String ID="P183_ST00074" HPOS="900" VPOS="633" WIDTH="25" HEIGHT="29" CONTENT="is" WC="0.79" CC="40"/>
						<SP ID="P183_SP00066" HPOS="925" VPOS="671" WIDTH="24"/>
						<String ID="P183_ST00075" HPOS="949" VPOS="633" WIDTH="99" HEIGHT="30" CONTENT="called" WC="0.90" CC="060000"/>
						<SP ID="P183_SP00067" HPOS="1048" VPOS="671" WIDTH="34"/>
						<String ID="P183_ST00076" HPOS="1082" VPOS="633" WIDTH="296" HEIGHT="35" CONTENT="Fou-kou-kouane," WC="0.92" CC="400000000050000"/>
					</TextLine>
					<TextLine ID="P183_TL00010" HPOS="143" VPOS="695" WIDTH="1237" HEIGHT="43">
						<String ID="P183_ST00077" HPOS="143" VPOS="695" WIDTH="31" HEIGHT="29" CONTENT="in" WC="0.28" CC="76"/>
						<SP ID="P183_SP00068" HPOS="174" VPOS="724" WIDTH="33"/>
						<String ID="P183_ST00078" HPOS="207" VPOS="695" WIDTH="115" HEIGHT="31" CONTENT="Lissou" WC="0.84" CC="306000"/>
						<SP ID="P183_SP00069" HPOS="322" VPOS="726" WIDTH="32"/>
						<String ID="P183_ST00079" HPOS="354" VPOS="695" WIDTH="114" HEIGHT="31" CONTENT="dialect" WC="0.89" CC="0400020"/>
						<SP ID="P183_SP00070" HPOS="468" VPOS="726" WIDTH="31"/>
						<String ID="P183_ST00080" HPOS="499" VPOS="696" WIDTH="174" HEIGHT="34" CONTENT="Lamakou," WC="1.00" CC="00000000"/>
						<SP ID="P183_SP00071" HPOS="673" VPOS="730" WIDTH="34"/>
						<String ID="P183_ST00081" HPOS="707" VPOS="696" WIDTH="53" HEIGHT="31" CONTENT="the" WC="1.00" CC="000"/>
						<SP ID="P183_SP00072" HPOS="760" VPOS="730" WIDTH="35"/>
						<String ID="P183_ST00082" HPOS="795" VPOS="697" WIDTH="113" HEIGHT="30" CONTENT='"Gate' WC="0.91" CC="40000"/>
						<SP ID="P183_SP00073" HPOS="908" VPOS="730" WIDTH="27"/>
						<String ID="P183_ST00083" HPOS="935" VPOS="697" WIDTH="35" HEIGHT="30" CONTENT="of" WC="0.85" CC="20"/>
						<SP ID="P183_SP00074" HPOS="970" VPOS="730" WIDTH="28"/>
						<String ID="P183_ST00084" HPOS="998" VPOS="698" WIDTH="54" HEIGHT="29" CONTENT="the" WC="1.00" CC="000"/>
						<SP ID="P183_SP00075" HPOS="1052" VPOS="730" WIDTH="30"/>
						<String ID="P183_ST00085" HPOS="1082" VPOS="698" WIDTH="126" HEIGHT="40" CONTENT='Tiger."' WC="0.97" CC="0200000"/>
						<SP ID="P183_SP00076" HPOS="1208" VPOS="738" WIDTH="48"/>
						<String ID="P183_ST00086" HPOS="1256" VPOS="698" WIDTH="29" HEIGHT="29" CONTENT="A" WC="1.00" CC="0"/>
						<SP ID="P183_SP00077" HPOS="1285" VPOS="738" WIDTH="24"/>
						<String ID="P183_ST00087" HPOS="1309" VPOS="706" WIDTH="71" HEIGHT="31" CONTENT="post" WC="1.00" CC="0000"/>
					</TextLine>
					<TextLine ID="P183_TL00011" HPOS="141" VPOS="760" WIDTH="1239" HEIGHT="42">
						<String ID="P183_ST00088" HPOS="141" VPOS="760" WIDTH="179" HEIGHT="41" CONTENT="•consisting" WC="0.83" CC="80040500000"/>
						<SP ID="P183_SP00078" HPOS="320" VPOS="801" WIDTH="32"/>
						<String ID="P183_ST00089" HPOS="352" VPOS="760" WIDTH="35" HEIGHT="29" CONTENT="of" WC="1.00" CC="00"/>
						<SP ID="P183_SP00079" HPOS="387" VPOS="801" WIDTH="27"/>
						<String ID="P183_ST00090" HPOS="414" VPOS="771" WIDTH="18" HEIGHT="18" CONTENT="a" WC="1.00" CC="0"/>
						<SP ID="P183_SP00080" HPOS="432" VPOS="801" WIDTH="25"/>
						<String ID="P183_ST00091" HPOS="457" VPOS="760" WIDTH="59" HEIGHT="30" CONTENT="few" WC="1.00" CC="000"/>
						<SP ID="P183_SP00081" HPOS="516" VPOS="801" WIDTH="34"/>
						<String ID="P183_ST00092" HPOS="550" VPOS="760" WIDTH="132" HEIGHT="30" CONTENT="Lissous" WC="0.92" CC="1400000"/>
						<SP ID="P183_SP00082" HPOS="682" VPOS="801" WIDTH="27"/>
						<String ID="P183_ST00093" HPOS="709" VPOS="761" WIDTH="152" HEIGHT="41" CONTENT="dignified" WC="0.88" CC="000640000"/>
						<SP ID="P183_SP00083" HPOS="861" VPOS="802" WIDTH="28"/>
						<String ID="P183_ST00094" HPOS="889" VPOS="760" WIDTH="74" HEIGHT="31" CONTENT="with" WC="0.82" CC="0105"/>
						<SP ID="P183_SP00084" HPOS="963" VPOS="802" WIDTH="29"/>
						<String ID="P183_ST00095" HPOS="992" VPOS="761" WIDTH="53" HEIGHT="30" CONTENT="the" WC="1.00" CC="000"/>
						<SP ID="P183_SP00085" HPOS="1045" VPOS="802" WIDTH="28"/>
						<String ID="P183_ST00096" HPOS="1073" VPOS="773" WIDTH="91" HEIGHT="19" CONTENT="name" WC="1.00" CC="0000"/>
						<SP ID="P183_SP00086" HPOS="1164" VPOS="802" WIDTH="24"/>
						<String ID="P183_ST00097" HPOS="1188" VPOS="761" WIDTH="35" HEIGHT="30" CONTENT="of" WC="1.00" CC="00"/>
						<SP ID="P183_SP00087" HPOS="1223" VPOS="802" WIDTH="27"/>
						<String ID="P183_ST00098" HPOS="1250" VPOS="761" WIDTH="130" HEIGHT="31" CONTENT="soldiers" WC="0.81" CC="00605030"/>
					</TextLine>
					<TextLine ID="P183_TL00012" HPOS="145" VPOS="824" WIDTH="1240" HEIGHT="41">
						<String ID="P183_ST00099" HPOS="145" VPOS="825" WIDTH="154" HEIGHT="40" CONTENT="occupied" WC="0.70" CC="50066410"/>
						<SP ID="P183_SP00088" HPOS="299" VPOS="865" WIDTH="40"/>
						<String ID="P183_ST00100" HPOS="339" VPOS="836" WIDTH="18" HEIGHT="18" CONTENT="a" WC="1.00" CC="0"/>
						<SP ID="P183_SP00089" HPOS="357" VPOS="865" WIDTH="40"/>
						<String ID="P183_ST00101" HPOS="397" VPOS="825" WIDTH="138" HEIGHT="29" CONTENT="bamboo" WC="0.93" CC="300000"/>
						<SP ID="P183_SP00090" HPOS="535" VPOS="865" WIDTH="31"/>
						<String ID="P183_ST00102" HPOS="566" VPOS="824" WIDTH="124" HEIGHT="41" CONTENT="shanty," WC="0.91" CC="0000600"/>
						<SP ID="P183_SP00091" HPOS="690" VPOS="865" WIDTH="33"/>
						<String ID="P183_ST00103" HPOS="723" VPOS="825" WIDTH="175" HEIGHT="40" CONTENT="ostensibly" WC="0.85" CC="4040000040"/>
						<SP ID="P183_SP00092" HPOS="898" VPOS="865" WIDTH="32"/>
						<String ID="P183_ST00104" HPOS="930" VPOS="833" WIDTH="33" HEIGHT="21" CONTENT="to" WC="0.90" CC="10"/>
						<SP ID="P183_SP00093" HPOS="963" VPOS="865" WIDTH="28"/>
						<String ID="P183_ST00105" HPOS="991" VPOS="837" WIDTH="113" HEIGHT="18" CONTENT="ensure" WC="1.00" CC="000000"/>
						<SP ID="P183_SP00094" HPOS="1104" VPOS="865" WIDTH="31"/>
						<String ID="P183_ST00106" HPOS="1135" VPOS="826" WIDTH="54" HEIGHT="29" CONTENT="the" WC="1.00" CC="000"/>
						<SP ID="P183_SP00095" HPOS="1189" VPOS="865" WIDTH="30"/>
						<String ID="P183_ST00107" HPOS="1219" VPOS="827" WIDTH="101" HEIGHT="38" CONTENT="safety" WC="0.70" CC="095030"/>
						<SP ID="P183_SP00096" HPOS="1320" VPOS="865" WIDTH="30"/>
						<String ID="P183_ST00108" HPOS="1350" VPOS="826" WIDTH="35" HEIGHT="29" CONTENT="of" WC="0.81" CC="03"/>
					</TextLine>
					<TextLine ID="P183_TL00013" HPOS="144" VPOS="889" WIDTH="1237" HEIGHT="41">
						<String ID="P183_ST00109" HPOS="144" VPOS="889" WIDTH="55" HEIGHT="30" CONTENT="the" WC="0.99" CC="000"/>
						<SP ID="P183_SP00097" HPOS="199" VPOS="919" WIDTH="32"/>
						<String ID="P183_ST00110" HPOS="231" VPOS="897" WIDTH="98" HEIGHT="26" CONTENT="route," WC="0.77" CC="004404"/>
						<SP ID="P183_SP00098" HPOS="329" VPOS="923" WIDTH="31"/>
						<String ID="P183_ST00111" HPOS="360" VPOS="889" WIDTH="102" HEIGHT="30" CONTENT="which" WC="0.83" CC="00206"/>
						<SP ID="P183_SP00099" HPOS="462" VPOS="923" WIDTH="29"/>
						<String ID="P183_ST00112" HPOS="491" VPOS="900" WIDTH="64" HEIGHT="19" CONTENT="was" WC="1.00" CC="000"/>
						<SP ID="P183_SP00100" HPOS="555" VPOS="923" WIDTH="32"/>
						<String ID="P183_ST00113" HPOS="587" VPOS="889" WIDTH="121" HEIGHT="30" CONTENT="further" WC="0.67" CC="3409003"/>
						<SP ID="P183_SP00101" HPOS="708" VPOS="923" WIDTH="29"/>
						<String ID="P183_ST00114" HPOS="737" VPOS="889" WIDTH="143" HEIGHT="41" CONTENT="guarded" WC="1.00" CC="0000000"/>
						<SP ID="P183_SP00102" HPOS="880" VPOS="930" WIDTH="35"/>
						<String ID="P183_ST00115" HPOS="915" VPOS="900" WIDTH="41" HEIGHT="20" CONTENT="on" WC="0.68" CC="06"/>
						<SP ID="P183_SP00103" HPOS="956" VPOS="930" WIDTH="40"/>
						<String ID="P183_ST00116" HPOS="996" VPOS="890" WIDTH="100" HEIGHT="30" CONTENT="either" WC="0.72" CC="063006"/>
						<SP ID="P183_SP00104" HPOS="1096" VPOS="930" WIDTH="42"/>
						<String ID="P183_ST00117" HPOS="1138" VPOS="891" WIDTH="68" HEIGHT="29" CONTENT="side" WC="0.90" CC="0300"/>
						<SP ID="P183_SP00105" HPOS="1206" VPOS="930" WIDTH="41"/>
						<String ID="P183_ST00118" HPOS="1247" VPOS="891" WIDTH="42" HEIGHT="38" CONTENT="by" WC="1.00" CC="00"/>
						<SP ID="P183_SP00106" HPOS="1289" VPOS="930" WIDTH="39"/>
						<String ID="P183_ST00119" HPOS="1328" VPOS="890" WIDTH="53" HEIGHT="30" CONTENT="the" WC="0.99" CC="000"/>
					</TextLine>
					<TextLine ID="P183_TL00014" HPOS="146" VPOS="953" WIDTH="1235" HEIGHT="39">
						<String ID="P183_ST00120" HPOS="146" VPOS="954" WIDTH="111" HEIGHT="29" CONTENT="buried" WC="0.89" CC="050100"/>
						<SP ID="P183_SP00107" HPOS="257" VPOS="983" WIDTH="23"/>
						<String ID="P183_ST00121" HPOS="280" VPOS="954" WIDTH="139" HEIGHT="29" CONTENT="bamboo" WC="1.00" CC="000000"/>
						<SP ID="P183_SP00108" HPOS="419" VPOS="983" WIDTH="25"/>
						<String ID="P183_ST00122" HPOS="444" VPOS="953" WIDTH="148" HEIGHT="39" CONTENT="splinters" WC="0.89" CC="000540000"/>
						<SP ID="P183_SP00109" HPOS="592" VPOS="992" WIDTH="24"/>
						<String ID="P183_ST00123" HPOS="616" VPOS="954" WIDTH="108" HEIGHT="29" CONTENT="before" WC="1.00" CC="000000"/>
						<SP ID="P183_SP00110" HPOS="724" VPOS="992" WIDTH="23"/>
						<String ID="P183_ST00124" HPOS="747" VPOS="954" WIDTH="174" HEIGHT="29" CONTENT="described." WC="0.89" CC="0600040000"/>
						<SP ID="P183_SP00111" HPOS="921" VPOS="992" WIDTH="50"/>
						<String ID="P183_ST00125" HPOS="971" VPOS="954" WIDTH="71" HEIGHT="29" CONTENT="The" WC="1.00" CC="000"/>
						<SP ID="P183_SP00112" HPOS="1042" VPOS="992" WIDTH="23"/>
						<String ID="P183_ST00126" HPOS="1065" VPOS="961" WIDTH="81" HEIGHT="23" CONTENT="crest" WC="0.97" CC="10000"/>
						<SP ID="P183_SP00113" HPOS="1146" VPOS="992" WIDTH="18"/>
						<String ID="P183_ST00127" HPOS="1164" VPOS="965" WIDTH="65" HEIGHT="19" CONTENT="was" WC="1.00" CC="000"/>
						<SP ID="P183_SP00114" HPOS="1229" VPOS="992" WIDTH="22"/>
						<String ID="P183_ST00128" HPOS="1251" VPOS="954" WIDTH="130" HEIGHT="30" CONTENT="marked" WC="0.97" CC="000100"/>
					</TextLine>
					<TextLine ID="P183_TL00015" HPOS="145" VPOS="1018" WIDTH="1238" HEIGHT="40">
						<String ID="P183_ST00129" HPOS="145" VPOS="1019" WIDTH="42" HEIGHT="39" CONTENT="by" WC="1.00" CC="00"/>
						<SP ID="P183_SP00115" HPOS="187" VPOS="1058" WIDTH="32"/>
						<String ID="P183_ST00130" HPOS="219" VPOS="1018" WIDTH="126" HEIGHT="29" CONTENT="scarred" WC="1.00" CC="0000000"/>
						<SP ID="P183_SP00116" HPOS="345" VPOS="1058" WIDTH="33"/>
						<String ID="P183_ST00131" HPOS="378" VPOS="1018" WIDTH="61" HEIGHT="29" CONTENT="and" WC="0.99" CC="000"/>
						<SP ID="P183_SP00117" HPOS="439" VPOS="1058" WIDTH="20"/>
						<String ID="P183_ST00132" HPOS="459" VPOS="1018" WIDTH="122" HEIGHT="40" CONTENT="jagged" WC="0.65" CC="299000"/>
						<SP ID="P183_SP00118" HPOS="581" VPOS="1058" WIDTH="24"/>
						<String ID="P183_ST00133" HPOS="605" VPOS="1018" WIDTH="100" HEIGHT="35" CONTENT="rocks," WC="1.00" CC="000000"/>
						<SP ID="P183_SP00119" HPOS="705" VPOS="1058" WIDTH="27"/>
						<String ID="P183_ST00134" HPOS="732" VPOS="1018" WIDTH="83" HEIGHT="29" CONTENT="amid" WC="0.84" CC="0060"/>
						<SP ID="P183_SP00120" HPOS="815" VPOS="1058" WIDTH="24"/>
						<String ID="P183_ST00135" HPOS="839" VPOS="1018" WIDTH="101" HEIGHT="29" CONTENT="which" WC="0.94" CC="00300"/>
						<SP ID="P183_SP00121" HPOS="940" VPOS="1058" WIDTH="25"/>
						<String ID="P183_ST00136" HPOS="965" VPOS="1018" WIDTH="54" HEIGHT="29" CONTENT="the" WC="0.85" CC="400"/>
						<SP ID="P183_SP00122" HPOS="1019" VPOS="1058" WIDTH="23"/>
						<String ID="P183_ST00137" HPOS="1042" VPOS="1018" WIDTH="87" HEIGHT="29" CONTENT="track" WC="0.80" CC="06300"/>
						<SP ID="P183_SP00123" HPOS="1129" VPOS="1058" WIDTH="23"/>
						<String ID="P183_ST00138" HPOS="1152" VPOS="1018" WIDTH="51" HEIGHT="30" CONTENT="led" WC="1.00" CC="000"/>
						<SP ID="P183_SP00124" HPOS="1203" VPOS="1058" WIDTH="31"/>
						<String ID="P183_ST00139" HPOS="1234" VPOS="1030" WIDTH="39" HEIGHT="18" CONTENT="on" WC="1.00" CC="00"/>
						<SP ID="P183_SP00125" HPOS="1273" VPOS="1058" WIDTH="28"/>
						<String ID="P183_ST00140" HPOS="1301" VPOS="1025" WIDTH="33" HEIGHT="22" CONTENT="to" WC="1.00" CC="00"/>
						<SP ID="P183_SP00126" HPOS="1334" VPOS="1058" WIDTH="31"/>
						<String ID="P183_ST00141" HPOS="1365" VPOS="1030" WIDTH="18" HEIGHT="17" CONTENT="a" WC="1.00" CC="0"/>
					</TextLine>
					<TextLine ID="P183_TL00016" HPOS="144" VPOS="1081" WIDTH="1238" HEIGHT="42">
						<String ID="P183_ST00142" HPOS="144" VPOS="1082" WIDTH="93" HEIGHT="31" CONTENT="small" WC="0.64" CC="60560"/>
						<SP ID="P183_SP00127" HPOS="237" VPOS="1113" WIDTH="29"/>
						<String ID="P183_ST00143" HPOS="266" VPOS="1082" WIDTH="124" HEIGHT="41" CONTENT="plateau" WC="0.89" CC="0200400"/>
						<SP ID="P183_SP00128" HPOS="390" VPOS="1123" WIDTH="32"/>
						<String ID="P183_ST00144" HPOS="422" VPOS="1082" WIDTH="137" HEIGHT="30" CONTENT="covered" WC="0.94" CC="0000400"/>
						<SP ID="P183_SP00129" HPOS="559" VPOS="1123" WIDTH="31"/>
						<String ID="P183_ST00145" HPOS="590" VPOS="1082" WIDTH="75" HEIGHT="29" CONTENT="with" WC="0.88" CC="0400"/>
						<SP ID="P183_SP00130" HPOS="665" VPOS="1123" WIDTH="32"/>
						<String ID="P183_ST00146" HPOS="697" VPOS="1081" WIDTH="75" HEIGHT="41" CONTENT="long" WC="0.87" CC="1300"/>
						<SP ID="P183_SP00131" HPOS="772" VPOS="1123" WIDTH="30"/>
						<String ID="P183_ST00147" HPOS="802" VPOS="1092" WIDTH="134" HEIGHT="30" CONTENT="grasses," WC="0.86" CC="90000000"/>
						<SP ID="P183_SP00132" HPOS="936" VPOS="1123" WIDTH="34"/>
						<String ID="P183_ST00148" HPOS="970" VPOS="1081" WIDTH="105" HEIGHT="30" CONTENT="where" WC="0.79" CC="04050"/>
						<SP ID="P183_SP00133" HPOS="1075" VPOS="1123" WIDTH="36"/>
						<String ID="P183_ST00149" HPOS="1111" VPOS="1081" WIDTH="52" HEIGHT="30" CONTENT="the" WC="1.00" CC="000"/>
						<SP ID="P183_SP00134" HPOS="1163" VPOS="1123" WIDTH="41"/>
						<String ID="P183_ST00150" HPOS="1204" VPOS="1081" WIDTH="63" HEIGHT="30" CONTENT="rich" WC="0.72" CC="2502"/>
						<SP ID="P183_SP00135" HPOS="1267" VPOS="1123" WIDTH="39"/>
						<String ID="P183_ST00151" HPOS="1306" VPOS="1082" WIDTH="76" HEIGHT="30" CONTENT="flora" WC="0.89" CC="00030"/>
					</TextLine>
					<TextLine ID="P183_TL00017" HPOS="145" VPOS="1146" WIDTH="1240" HEIGHT="39">
						<String ID="P183_ST00152" HPOS="145" VPOS="1147" WIDTH="140" HEIGHT="30" CONTENT="testified" WC="0.95" CC="000300000"/>
						<SP ID="P183_SP00136" HPOS="285" VPOS="1177" WIDTH="25"/>
						<String ID="P183_ST00153" HPOS="310" VPOS="1155" WIDTH="32" HEIGHT="21" CONTENT="to" WC="0.81" CC="30"/>
						<SP ID="P183_SP00137" HPOS="342" VPOS="1177" WIDTH="24"/>
						<String ID="P183_ST00154" HPOS="366" VPOS="1158" WIDTH="18" HEIGHT="18" CONTENT="a" WC="0.57" CC="4"/>
						<SP ID="P183_SP00138" HPOS="384" VPOS="1177" WIDTH="23"/>
						<String ID="P183_ST00155" HPOS="407" VPOS="1153" WIDTH="148" HEIGHT="23" CONTENT="constant" WC="0.83" CC="00006060"/>
						<SP ID="P183_SP00139" HPOS="555" VPOS="1177" WIDTH="22"/>
						<String ID="P183_ST00156" HPOS="577" VPOS="1147" WIDTH="180" HEIGHT="38" CONTENT="dampness." WC="0.93" CC="000050000"/>
						<SP ID="P183_SP00140" HPOS="757" VPOS="1185" WIDTH="52"/>
						<String ID="P183_ST00157" HPOS="809" VPOS="1147" WIDTH="11" HEIGHT="28" CONTENT="I" WC="0.82" CC="1"/>
						<SP ID="P183_SP00141" HPOS="820" VPOS="1185" WIDTH="27"/>
						<String ID="P183_ST00158" HPOS="847" VPOS="1158" WIDTH="63" HEIGHT="17" CONTENT="saw" WC="1.00" CC="000"/>
						<SP ID="P183_SP00142" HPOS="910" VPOS="1185" WIDTH="25"/>
						<String ID="P183_ST00159" HPOS="935" VPOS="1154" WIDTH="62" HEIGHT="22" CONTENT="two" WC="1.00" CC="000"/>
						<SP ID="P183_SP00143" HPOS="997" VPOS="1185" WIDTH="24"/>
						<String ID="P183_ST00160" HPOS="1021" VPOS="1146" WIDTH="152" HEIGHT="29" CONTENT="beautiful" WC="0.91" CC="000002004"/>
						<SP ID="P183_SP00144" HPOS="1173" VPOS="1185" WIDTH="25"/>
						<String ID="P183_ST00161" HPOS="1198" VPOS="1147" WIDTH="121" HEIGHT="38" CONTENT="species" WC="0.90" CC="0000600"/>
						<SP ID="P183_SP00145" HPOS="1319" VPOS="1185" WIDTH="32"/>
						<String ID="P183_ST00162" HPOS="1351" VPOS="1147" WIDTH="34" HEIGHT="28" CONTENT="of" WC="1.00" CC="00"/>
					</TextLine>
					<TextLine ID="P183_TL00018" HPOS="146" VPOS="1210" WIDTH="1237" HEIGHT="41">
						<String ID="P183_ST00163" HPOS="146" VPOS="1212" WIDTH="61" HEIGHT="39" CONTENT="lily," WC="0.73" CC="06060"/>
						<SP ID="P183_SP00146" HPOS="207" VPOS="1251" WIDTH="28"/>
						<String ID="P183_ST00164" HPOS="235" VPOS="1211" WIDTH="94" HEIGHT="30" CONTENT="white" WC="0.91" CC="00040"/>
						<SP ID="P183_SP00147" HPOS="329" VPOS="1251" WIDTH="24"/>
						<String ID="P183_ST00165" HPOS="353" VPOS="1211" WIDTH="63" HEIGHT="29" CONTENT="and" WC="0.91" CC="020"/>
						<SP ID="P183_SP00148" HPOS="416" VPOS="1251" WIDTH="25"/>
						<String ID="P183_ST00166" HPOS="441" VPOS="1210" WIDTH="63" HEIGHT="35" CONTENT="red," WC="0.93" CC="0200"/>
						<SP ID="P183_SP00149" HPOS="504" VPOS="1251" WIDTH="24"/>
						<String ID="P183_ST00167" HPOS="528" VPOS="1210" WIDTH="162" HEIGHT="40" CONTENT="myosotis," WC="0.81" CC="006032400"/>
						<SP ID="P183_SP00150" HPOS="690" VPOS="1251" WIDTH="26"/>
						<String ID="P183_ST00168" HPOS="716" VPOS="1210" WIDTH="113" HEIGHT="39" CONTENT="yellow" WC="0.88" CC="003300"/>
						<SP ID="P183_SP00151" HPOS="829" VPOS="1251" WIDTH="24"/>
						<String ID="P183_ST00169" HPOS="853" VPOS="1210" WIDTH="197" HEIGHT="36" CONTENT="ranunculus," WC="0.89" CC="00000053300"/>
						<SP ID="P183_SP00152" HPOS="1050" VPOS="1251" WIDTH="26"/>
						<String ID="P183_ST00170" HPOS="1076" VPOS="1222" WIDTH="84" HEIGHT="29" CONTENT="sage," WC="1.00" CC="00000"/>
						<SP ID="P183_SP00153" HPOS="1160" VPOS="1251" WIDTH="18"/>
						<String ID="P183_ST00171" HPOS="1178" VPOS="1211" WIDTH="62" HEIGHT="29" CONTENT="and" WC="0.97" CC="000"/>
						<SP ID="P183_SP00154" HPOS="1240" VPOS="1251" WIDTH="22"/>
						<String ID="P183_ST00172" HPOS="1262" VPOS="1210" WIDTH="121" HEIGHT="31" CONTENT="several" WC="0.93" CC="0000004"/>
					</TextLine>
					<TextLine ID="P183_TL00019" HPOS="145" VPOS="1274" WIDTH="1235" HEIGHT="36">
						<String ID="P183_ST00173" HPOS="145" VPOS="1276" WIDTH="95" HEIGHT="29" CONTENT="kinds" WC="0.81" CC="36000"/>
						<SP ID="P183_SP00155" HPOS="240" VPOS="1305" WIDTH="32"/>
						<String ID="P183_ST00174" HPOS="272" VPOS="1275" WIDTH="34" HEIGHT="30" CONTENT="of" WC="1.00" CC="00"/>
						<SP ID="P183_SP00156" HPOS="306" VPOS="1305" WIDTH="28"/>
						<String ID="P183_ST00175" HPOS="334" VPOS="1275" WIDTH="134" HEIGHT="30" CONTENT="orchids." WC="0.95" CC="00300000"/>
						<SP ID="P183_SP00157" HPOS="468" VPOS="1305" WIDTH="49"/>
						<String ID="P183_ST00176" HPOS="517" VPOS="1274" WIDTH="63" HEIGHT="30" CONTENT="WTe" WC="0.75" CC="070"/>
						<SP ID="P183_SP00158" HPOS="580" VPOS="1305" WIDTH="31"/>
						<String ID="P183_ST00177" HPOS="611" VPOS="1274" WIDTH="54" HEIGHT="30" CONTENT="did" WC="1.00" CC="000"/>
						<SP ID="P183_SP00159" HPOS="665" VPOS="1305" WIDTH="28"/>
						<String ID="P183_ST00178" HPOS="693" VPOS="1282" WIDTH="55" HEIGHT="22" CONTENT="not" WC="0.92" CC="020"/>
						<SP ID="P183_SP00160" HPOS="748" VPOS="1305" WIDTH="38"/>
						<String ID="P183_ST00179" HPOS="786" VPOS="1274" WIDTH="63" HEIGHT="29" CONTENT="find" WC="0.90" CC="1100"/>
						<SP ID="P183_SP00161" HPOS="849" VPOS="1305" WIDTH="29"/>
						<String ID="P183_ST00180" HPOS="878" VPOS="1274" WIDTH="75" HEIGHT="30" CONTENT="here" WC="1.00" CC="0000"/>
						<SP ID="P183_SP00162" HPOS="953" VPOS="1305" WIDTH="32"/>
						<String ID="P183_ST00181" HPOS="985" VPOS="1274" WIDTH="53" HEIGHT="30" CONTENT="the" WC="0.69" CC="620"/>
						<SP ID="P183_SP00163" HPOS="1038" VPOS="1305" WIDTH="30"/>
						<String ID="P183_ST00182" HPOS="1068" VPOS="1274" WIDTH="88" HEIGHT="31" CONTENT="short" WC="0.92" CC="01200"/>
						<SP ID="P183_SP00164" HPOS="1156" VPOS="1305" WIDTH="23"/>
						<String ID="P183_ST00183" HPOS="1179" VPOS="1286" WIDTH="88" HEIGHT="24" CONTENT="grass" WC="1.00" CC="00000"/>
						<SP ID="P183_SP00165" HPOS="1267" VPOS="1310" WIDTH="25"/>
						<String ID="P183_ST00184" HPOS="1292" VPOS="1274" WIDTH="88" HEIGHT="30" CONTENT="usual" WC="0.92" CC="20001"/>
					</TextLine>
					<TextLine ID="P183_TL00020" HPOS="146" VPOS="1339" WIDTH="1236" HEIGHT="40">
						<String ID="P183_ST00185" HPOS="146" VPOS="1351" WIDTH="40" HEIGHT="18" CONTENT="on" WC="0.95" CC="10"/>
						<SP ID="P183_SP00166" HPOS="186" VPOS="1369" WIDTH="33"/>
						<String ID="P183_ST00186" HPOS="219" VPOS="1340" WIDTH="76" HEIGHT="39" CONTENT="high" WC="0.68" CC="4601"/>
						<SP ID="P183_SP00167" HPOS="295" VPOS="1379" WIDTH="40"/>
						<String ID="P183_ST00187" HPOS="335" VPOS="1340" WIDTH="154" HEIGHT="33" CONTENT="summits," WC="0.93" CC="00001004"/>
						<SP ID="P183_SP00168" HPOS="489" VPOS="1379" WIDTH="43"/>
						<String ID="P183_ST00188" HPOS="532" VPOS="1349" WIDTH="56" HEIGHT="19" CONTENT="nor" WC="0.99" CC="000"/>
						<SP ID="P183_SP00169" HPOS="588" VPOS="1379" WIDTH="34"/>
						<String ID="P183_ST00189" HPOS="622" VPOS="1350" WIDTH="62" HEIGHT="29" CONTENT="any" WC="0.93" CC="020"/>
						<SP ID="P183_SP00170" HPOS="684" VPOS="1379" WIDTH="39"/>
						<String ID="P183_ST00190" HPOS="723" VPOS="1339" WIDTH="214" HEIGHT="40" CONTENT="gnaphalium." WC="0.88" CC="00000544000"/>
						<SP ID="P183_SP00171" HPOS="937" VPOS="1379" WIDTH="49"/>
						<String ID="P183_ST00191" HPOS="986" VPOS="1339" WIDTH="61" HEIGHT="29" CONTENT="We" WC="1.00" CC="00"/>
						<SP ID="P183_SP00172" HPOS="1047" VPOS="1379" WIDTH="39"/>
						<String ID="P183_ST00192" HPOS="1086" VPOS="1339" WIDTH="128" HEIGHT="40" CONTENT="pitched" WC="0.87" CC="0040400"/>
						<SP ID="P183_SP00173" HPOS="1214" VPOS="1379" WIDTH="43"/>
						<String ID="P183_ST00193" HPOS="1257" VPOS="1346" WIDTH="32" HEIGHT="22" CONTENT="at" WC="1.00" CC="00"/>
						<SP ID="P183_SP00174" HPOS="1289" VPOS="1379" WIDTH="40"/>
						<String ID="P183_ST00194" HPOS="1329" VPOS="1339" WIDTH="53" HEIGHT="29" CONTENT="the" WC="0.85" CC="400"/>
					</TextLine>
					<TextLine ID="P183_TL00021" HPOS="146" VPOS="1402" WIDTH="1239" HEIGHT="42">
						<String ID="P183_ST00195" HPOS="146" VPOS="1404" WIDTH="82" HEIGHT="30" CONTENT="head" WC="0.83" CC="6000"/>
						<SP ID="P183_SP00175" HPOS="228" VPOS="1434" WIDTH="31"/>
						<String ID="P183_ST00196" HPOS="259" VPOS="1403" WIDTH="36" HEIGHT="31" CONTENT="of" WC="0.84" CC="30"/>
						<SP ID="P183_SP00176" HPOS="295" VPOS="1434" WIDTH="26"/>
						<String ID="P183_ST00197" HPOS="321" VPOS="1414" WIDTH="19" HEIGHT="19" CONTENT="a" WC="1.00" CC="0"/>
						<SP ID="P183_SP00177" HPOS="340" VPOS="1434" WIDTH="30"/>
						<String ID="P183_ST00198" HPOS="370" VPOS="1414" WIDTH="97" HEIGHT="30" CONTENT="green" WC="0.82" CC="60002"/>
						<SP ID="P183_SP00178" HPOS="467" VPOS="1444" WIDTH="33"/>
						<String ID="P183_ST00199" HPOS="500" VPOS="1402" WIDTH="88" HEIGHT="40" CONTENT="slope" WC="0.91" CC="04000"/>
						<SP ID="P183_SP00179" HPOS="588" VPOS="1444" WIDTH="31"/>
						<String ID="P183_ST00200" HPOS="619" VPOS="1413" WIDTH="41" HEIGHT="19" CONTENT="on" WC="0.93" CC="10"/>
						<SP ID="P183_SP00180" HPOS="660" VPOS="1444" WIDTH="32"/>
						<String ID="P183_ST00201" HPOS="692" VPOS="1414" WIDTH="17" HEIGHT="18" CONTENT="a" WC="1.00" CC="0"/>
						<SP ID="P183_SP00181" HPOS="709" VPOS="1444" WIDTH="31"/>
						<String ID="P183_ST00202" HPOS="740" VPOS="1413" WIDTH="122" HEIGHT="19" CONTENT="narrow" WC="0.89" CC="400010"/>
						<SP ID="P183_SP00182" HPOS="862" VPOS="1444" WIDTH="31"/>
						<String ID="P183_ST00203" HPOS="893" VPOS="1402" WIDTH="82" HEIGHT="30" CONTENT="shelf" WC="0.82" CC="02005"/>
						<SP ID="P183_SP00183" HPOS="975" VPOS="1444" WIDTH="28"/>
						<String ID="P183_ST00204" HPOS="1003" VPOS="1403" WIDTH="197" HEIGHT="40" CONTENT="overtopped" WC="0.87" CC="3500300000"/>
						<SP ID="P183_SP00184" HPOS="1200" VPOS="1444" WIDTH="24"/>
						<String ID="P183_ST00205" HPOS="1224" VPOS="1402" WIDTH="43" HEIGHT="40" CONTENT="by" WC="1.00" CC="00"/>
						<SP ID="P183_SP00185" HPOS="1267" VPOS="1444" WIDTH="22"/>
						<String ID="P183_ST00206" HPOS="1289" VPOS="1414" WIDTH="18" HEIGHT="18" CONTENT="a" WC="1.00" CC="0"/>
						<SP ID="P183_SP00186" HPOS="1307" VPOS="1444" WIDTH="24"/>
						<String ID="P183_ST00207" HPOS="1331" VPOS="1403" WIDTH="54" HEIGHT="40" CONTENT="big" WC="1.00" CC="000"/>
					</TextLine>
					<TextLine ID="P183_TL00022" HPOS="146" VPOS="1466" WIDTH="1236" HEIGHT="36">
						<String ID="P183_ST00208" HPOS="146" VPOS="1468" WIDTH="83" HEIGHT="34" CONTENT="rock," WC="0.90" CC="00031"/>
						<SP ID="P183_SP00187" HPOS="229" VPOS="1502" WIDTH="28"/>
						<String ID="P183_ST00209" HPOS="257" VPOS="1467" WIDTH="80" HEIGHT="30" CONTENT="from" WC="1.00" CC="0000"/>
						<SP ID="P183_SP00188" HPOS="337" VPOS="1502" WIDTH="25"/>
						<String ID="P183_ST00210" HPOS="362" VPOS="1467" WIDTH="109" HEIGHT="34" CONTENT="which," WC="0.88" CC="006000"/>
						<SP ID="P183_SP00189" HPOS="471" VPOS="1502" WIDTH="28"/>
						<String ID="P183_ST00211" HPOS="499" VPOS="1467" WIDTH="91" HEIGHT="29" CONTENT="when" WC="1.00" CC="0000"/>
						<SP ID="P183_SP00190" HPOS="590" VPOS="1502" WIDTH="29"/>
						<String ID="P183_ST00212" HPOS="619" VPOS="1467" WIDTH="10" HEIGHT="28" CONTENT="I" WC="1.00" CC="0"/>
						<SP ID="P183_SP00191" HPOS="629" VPOS="1502" WIDTH="27"/>
						<String ID="P183_ST00213" HPOS="656" VPOS="1466" WIDTH="135" HEIGHT="29" CONTENT="climbed" WC="0.90" CC="0060000"/>
						<SP ID="P183_SP00192" HPOS="791" VPOS="1502" WIDTH="25"/>
						<String ID="P183_ST00214" HPOS="816" VPOS="1467" WIDTH="22" HEIGHT="28" CONTENT="it" WC="1.00" CC="00"/>
						<SP ID="P183_SP00193" HPOS="838" VPOS="1502" WIDTH="25"/>
						<String ID="P183_ST00215" HPOS="863" VPOS="1467" WIDTH="29" HEIGHT="28" CONTENT="in" WC="0.77" CC="04"/>
						<SP ID="P183_SP00194" HPOS="892" VPOS="1502" WIDTH="25"/>
						<String ID="P183_ST00216" HPOS="917" VPOS="1467" WIDTH="54" HEIGHT="29" CONTENT="the" WC="0.97" CC="000"/>
						<SP ID="P183_SP00195" HPOS="971" VPOS="1502" WIDTH="24"/>
						<String ID="P183_ST00217" HPOS="995" VPOS="1467" WIDTH="74" HEIGHT="33" CONTENT="rain," WC="0.82" CC="08000"/>
						<SP ID="P183_SP00196" HPOS="1069" VPOS="1502" WIDTH="24"/>
						<String ID="P183_ST00218" HPOS="1093" VPOS="1467" WIDTH="54" HEIGHT="29" CONTENT="the" WC="0.64" CC="540"/>
						<SP ID="P183_SP00197" HPOS="1147" VPOS="1502" WIDTH="20"/>
						<String ID="P183_ST00219" HPOS="1167" VPOS="1477" WIDTH="134" HEIGHT="19" CONTENT="caravan" WC="0.81" CC="0000507"/>
						<SP ID="P183_SP00198" HPOS="1301" VPOS="1502" WIDTH="17"/>
						<String ID="P183_ST00220" HPOS="1318" VPOS="1477" WIDTH="64" HEIGHT="19" CONTENT="was" WC="0.96" CC="001"/>
					</TextLine>
					<TextLine ID="P183_TL00023" HPOS="145" VPOS="1530" WIDTH="1237" HEIGHT="42">
						<String ID="P183_ST00221" HPOS="145" VPOS="1544" WIDTH="35" HEIGHT="18" CONTENT="so" WC="1.00" CC="00"/>
						<SP ID="P183_SP00199" HPOS="180" VPOS="1562" WIDTH="26"/>
						<String ID="P183_ST00222" HPOS="206" VPOS="1532" WIDTH="133" HEIGHT="40" CONTENT="entirely" WC="0.67" CC="77055000"/>
						<SP ID="P183_SP00200" HPOS="339" VPOS="1572" WIDTH="23"/>
						<String ID="P183_ST00223" HPOS="362" VPOS="1531" WIDTH="120" HEIGHT="30" CONTENT="hidden" WC="0.95" CC="200000"/>
						<SP ID="P183_SP00201" HPOS="482" VPOS="1572" WIDTH="24"/>
						<String ID="P183_ST00224" HPOS="506" VPOS="1531" WIDTH="43" HEIGHT="40" CONTENT="by" WC="0.83" CC="30"/>
						<SP ID="P183_SP00202" HPOS="549" VPOS="1572" WIDTH="23"/>
						<String ID="P183_ST00225" HPOS="572" VPOS="1530" WIDTH="55" HEIGHT="31" CONTENT="the" WC="0.81" CC="500"/>
						<SP ID="P183_SP00203" HPOS="627" VPOS="1572" WIDTH="23"/>
						<String ID="P183_ST00226" HPOS="650" VPOS="1530" WIDTH="77" HEIGHT="41" CONTENT="high" WC="0.96" CC="0100"/>
						<SP ID="P183_SP00204" HPOS="727" VPOS="1572" WIDTH="24"/>
						<String ID="P183_ST00227" HPOS="751" VPOS="1541" WIDTH="91" HEIGHT="30" CONTENT="grass" WC="1.00" CC="00000"/>
						<SP ID="P183_SP00205" HPOS="842" VPOS="1572" WIDTH="24"/>
						<String ID="P183_ST00228" HPOS="866" VPOS="1530" WIDTH="68" HEIGHT="30" CONTENT="that" WC="0.76" CC="0090"/>
						<SP ID="P183_SP00206" HPOS="934" VPOS="1572" WIDTH="24"/>
						<String ID="P183_ST00229" HPOS="958" VPOS="1542" WIDTH="40" HEIGHT="19" CONTENT="no" WC="1.00" CC="00"/>
						<SP ID="P183_SP00207" HPOS="998" VPOS="1572" WIDTH="25"/>
						<String ID="P183_ST00230" HPOS="1023" VPOS="1541" WIDTH="60" HEIGHT="19" CONTENT="one" WC="1.00" CC="000"/>
						<SP ID="P183_SP00208" HPOS="1083" VPOS="1572" WIDTH="30"/>
						<String ID="P183_ST00231" HPOS="1113" VPOS="1531" WIDTH="131" HEIGHT="40" CONTENT="passing" WC="0.91" CC="0000060"/>
						<SP ID="P183_SP00209" HPOS="1244" VPOS="1572" WIDTH="30"/>
						<String ID="P183_ST00232" HPOS="1274" VPOS="1530" WIDTH="108" HEIGHT="30" CONTENT="within" WC="0.62" CC="905240"/>
					</TextLine>
					<TextLine ID="P183_TL00024" HPOS="144" VPOS="1594" WIDTH="1239" HEIGHT="43">
						<String ID="P183_ST00233" HPOS="144" VPOS="1598" WIDTH="99" HEIGHT="39" CONTENT="thirty" WC="0.77" CC="006070"/>
						<SP ID="P183_SP00210" HPOS="243" VPOS="1637" WIDTH="31"/>
						<String ID="P183_ST00234" HPOS="274" VPOS="1596" WIDTH="96" HEIGHT="41" CONTENT="yards" WC="0.97" CC="00100"/>
						<SP ID="P183_SP00211" HPOS="370" VPOS="1637" WIDTH="30"/>
						<String ID="P183_ST00235" HPOS="400" VPOS="1595" WIDTH="106" HEIGHT="31" CONTENT="would" WC="0.94" CC="00020"/>
						<SP ID="P183_SP00212" HPOS="506" VPOS="1637" WIDTH="28"/>
						<String ID="P183_ST00236" HPOS="534" VPOS="1595" WIDTH="83" HEIGHT="30" CONTENT="have" WC="0.86" CC="5000"/>
						<SP ID="P183_SP00213" HPOS="617" VPOS="1637" WIDTH="32"/>
						<String ID="P183_ST00237" HPOS="649" VPOS="1594" WIDTH="169" HEIGHT="40" CONTENT="suspected" WC="0.98" CC="000000100"/>
						<SP ID="P183_SP00214" HPOS="818" VPOS="1637" WIDTH="30"/>
						<String ID="P183_ST00238" HPOS="848" VPOS="1594" WIDTH="67" HEIGHT="30" CONTENT="that" WC="1.00" CC="0000"/>
						<SP ID="P183_SP00215" HPOS="915" VPOS="1637" WIDTH="25"/>
						<String ID="P183_ST00239" HPOS="940" VPOS="1594" WIDTH="52" HEIGHT="30" CONTENT="the" WC="0.93" CC="200"/>
						<SP ID="P183_SP00216" HPOS="992" VPOS="1637" WIDTH="24"/>
						<String ID="P183_ST00240" HPOS="1016" VPOS="1605" WIDTH="77" HEIGHT="30" CONTENT="grey" WC="0.91" CC="0300"/>
						<SP ID="P183_SP00217" HPOS="1093" VPOS="1637" WIDTH="25"/>
						<String ID="P183_ST00241" HPOS="1118" VPOS="1605" WIDTH="83" HEIGHT="19" CONTENT="mass" WC="0.81" CC="0700"/>
						<SP ID="P183_SP00218" HPOS="1201" VPOS="1637" WIDTH="23"/>
						<String ID="P183_ST00242" HPOS="1224" VPOS="1594" WIDTH="159" HEIGHT="30" CONTENT="sheltered" WC="0.88" CC="060010200"/>
					</TextLine>
					<TextLine ID="P183_TL00025" HPOS="146" VPOS="1658" WIDTH="1237" HEIGHT="37">
						<String ID="P183_ST00243" HPOS="146" VPOS="1662" WIDTH="109" HEIGHT="30" CONTENT="fifteen" WC="0.75" CC="3304005"/>
						<SP ID="P183_SP00219" HPOS="255" VPOS="1692" WIDTH="24"/>
						<String ID="P183_ST00244" HPOS="279" VPOS="1671" WIDTH="81" HEIGHT="19" CONTENT="men." WC="0.91" CC="0030"/>
						<SP ID="P183_SP00220" HPOS="360" VPOS="1692" WIDTH="50"/>
						<String ID="P183_ST00245" HPOS="410" VPOS="1660" WIDTH="72" HEIGHT="30" CONTENT="The" WC="1.00" CC="000"/>
						<SP ID="P183_SP00221" HPOS="482" VPOS="1692" WIDTH="23"/>
						<String ID="P183_ST00246" HPOS="505" VPOS="1659" WIDTH="142" HEIGHT="30" CONTENT="weather" WC="0.95" CC="0003000"/>
						<SP ID="P183_SP00222" HPOS="647" VPOS="1692" WIDTH="23"/>
						<String ID="P183_ST00247" HPOS="670" VPOS="1670" WIDTH="64" HEIGHT="18" CONTENT="was" WC="1.00" CC="000"/>
						<SP ID="P183_SP00223" HPOS="734" VPOS="1692" WIDTH="25"/>
						<String ID="P183_ST00248" HPOS="759" VPOS="1658" WIDTH="166" HEIGHT="30" CONTENT="execrable" WC="0.96" CC="000300000"/>
						<String ID="P183_ST00249" HPOS="936" VPOS="1670" WIDTH="5" HEIGHT="23" CONTENT=";" WC="1.00" CC="0"/>
						<SP ID="P183_SP00224" HPOS="941" VPOS="1693" WIDTH="25"/>
						<String ID="P183_ST00250" HPOS="966" VPOS="1670" WIDTH="47" HEIGHT="18" CONTENT="we" WC="1.00" CC="00"/>
						<SP ID="P183_SP00225" HPOS="1013" VPOS="1693" WIDTH="17"/>
						<String ID="P183_ST00251" HPOS="1030" VPOS="1670" WIDTH="82" HEIGHT="18" CONTENT="were" WC="0.95" CC="0100"/>
						<SP ID="P183_SP00226" HPOS="1112" VPOS="1693" WIDTH="24"/>
						<String ID="P183_ST00252" HPOS="1136" VPOS="1659" WIDTH="30" HEIGHT="29" CONTENT="in" WC="0.81" CC="30"/>
						<SP ID="P183_SP00227" HPOS="1166" VPOS="1693" WIDTH="21"/>
						<String ID="P183_ST00253" HPOS="1187" VPOS="1659" WIDTH="53" HEIGHT="29" CONTENT="the" WC="1.00" CC="000"/>
						<SP ID="P183_SP00228" HPOS="1240" VPOS="1693" WIDTH="16"/>
						<String ID="P183_ST00254" HPOS="1256" VPOS="1658" WIDTH="109" HEIGHT="30" CONTENT="clouds" WC="0.90" CC="060000"/>
						<SP ID="P183_SP00229" HPOS="1365" VPOS="1693" WIDTH="13"/>
						<String ID="P183_ST00255" HPOS="1378" VPOS="1671" WIDTH="5" HEIGHT="24" CONTENT=";" WC="1.00" CC="0"/>
					</TextLine>
					<TextLine ID="P183_TL00026" HPOS="142" VPOS="1722" WIDTH="1240" HEIGHT="39">
						<String ID="P183_ST00256" HPOS="142" VPOS="1726" WIDTH="57" HEIGHT="30" CONTENT="the" WC="0.76" CC="700"/>
						<SP ID="P183_SP00230" HPOS="199" VPOS="1756" WIDTH="31"/>
						<String ID="P183_ST00257" HPOS="230" VPOS="1726" WIDTH="229" HEIGHT="29" CONTENT="thermometer" WC="0.88" CC="50000000403"/>
						<SP ID="P183_SP00231" HPOS="459" VPOS="1756" WIDTH="30"/>
						<String ID="P183_ST00258" HPOS="489" VPOS="1724" WIDTH="94" HEIGHT="30" CONTENT="stood" WC="1.00" CC="00000"/>
						<SP ID="P183_SP00232" HPOS="583" VPOS="1756" WIDTH="27"/>
						<String ID="P183_ST00259" HPOS="610" VPOS="1731" WIDTH="33" HEIGHT="22" CONTENT="at" WC="0.81" CC="03"/>
						<SP ID="P183_SP00233" HPOS="643" VPOS="1756" WIDTH="33"/>
						<String ID="P183_ST00260" HPOS="676" VPOS="1722" WIDTH="50" HEIGHT="39" CONTENT="50°" WC="1.00" CC="000"/>
						<SP ID="P183_SP00234" HPOS="726" VPOS="1761" WIDTH="25"/>
						<String ID="P183_ST00261" HPOS="751" VPOS="1722" WIDTH="102" HEIGHT="35" CONTENT="Fahr.," WC="0.88" CC="000303"/>
						<SP ID="P183_SP00235" HPOS="853" VPOS="1761" WIDTH="26"/>
						<String ID="P183_ST00262" HPOS="879" VPOS="1723" WIDTH="62" HEIGHT="30" CONTENT="and" WC="0.80" CC="050"/>
						<SP ID="P183_SP00236" HPOS="941" VPOS="1761" WIDTH="25"/>
						<String ID="P183_ST00263" HPOS="966" VPOS="1723" WIDTH="22" HEIGHT="30" CONTENT="it" WC="0.50" CC="54"/>
						<SP ID="P183_SP00237" HPOS="988" VPOS="1761" WIDTH="25"/>
						<String ID="P183_ST00264" HPOS="1013" VPOS="1734" WIDTH="64" HEIGHT="19" CONTENT="was" WC="1.00" CC="000"/>
						<SP ID="P183_SP00238" HPOS="1077" VPOS="1761" WIDTH="24"/>
						<String ID="P183_ST00265" HPOS="1101" VPOS="1722" WIDTH="78" HEIGHT="30" CONTENT="hard" WC="0.90" CC="0030"/>
						<SP ID="P183_SP00239" HPOS="1179" VPOS="1761" WIDTH="26"/>
						<String ID="P183_ST00266" HPOS="1205" VPOS="1731" WIDTH="31" HEIGHT="22" CONTENT="to" WC="1.00" CC="00"/>
						<SP ID="P183_SP00240" HPOS="1236" VPOS="1761" WIDTH="24"/>
						<String ID="P183_ST00267" HPOS="1260" VPOS="1723" WIDTH="122" HEIGHT="30" CONTENT="believe" WC="0.91" CC="0004010"/>
					</TextLine>
					<TextLine ID="P183_TL00027" HPOS="145" VPOS="1789" WIDTH="219" HEIGHT="38">
						<String ID="P183_ST00268" HPOS="145" VPOS="1791" WIDTH="24" HEIGHT="29" CONTENT="is" WC="1.00" CC="00"/>
						<SP ID="P183_SP00241" HPOS="169" VPOS="1820" WIDTH="25"/>
						<String ID="P183_ST00269" HPOS="194" VPOS="1801" WIDTH="64" HEIGHT="19" CONTENT="was" WC="1.00" CC="000"/>
						<SP ID="P183_SP00242" HPOS="258" VPOS="1820" WIDTH="26"/>
						<String ID="P183_ST00270" HPOS="284" VPOS="1789" WIDTH="80" HEIGHT="38" CONTENT="July." WC="0.93" CC="01100"/>
					</TextLine>
				</TextBlock>
				<TextBlock ID="P183_TB00005" HPOS="140" VPOS="1851" WIDTH="1243" HEIGHT="296" STYLEREFS="TXT_0 PAR_LEFT">
					<TextLine ID="P183_TL00028" HPOS="212" VPOS="1852" WIDTH="1171" HEIGHT="42">
						<String ID="P183_ST00271" HPOS="212" VPOS="1854" WIDTH="89" HEIGHT="29" CONTENT="Next" WC="1.00" CC="0000"/>
						<SP ID="P183_SP00243" HPOS="301" VPOS="1883" WIDTH="30"/>
						<String ID="P183_ST00272" HPOS="331" VPOS="1854" WIDTH="147" HEIGHT="40" CONTENT="morning" WC="0.88" CC="0000710"/>
						<SP ID="P183_SP00244" HPOS="478" VPOS="1894" WIDTH="31"/>
						<String ID="P183_ST00273" HPOS="509" VPOS="1854" WIDTH="53" HEIGHT="29" CONTENT="the" WC="0.79" CC="240"/>
						<SP ID="P183_SP00245" HPOS="562" VPOS="1894" WIDTH="32"/>
						<String ID="P183_ST00274" HPOS="594" VPOS="1864" WIDTH="71" HEIGHT="18" CONTENT="men" WC="1.00" CC="000"/>
						<SP ID="P183_SP00246" HPOS="665" VPOS="1894" WIDTH="33"/>
						<String ID="P183_ST00275" HPOS="698" VPOS="1864" WIDTH="82" HEIGHT="18" CONTENT="were" WC="0.91" CC="0030"/>
						<SP ID="P183_SP00247" HPOS="780" VPOS="1894" WIDTH="30"/>
						<String ID="P183_ST00276" HPOS="810" VPOS="1853" WIDTH="172" HEIGHT="39" CONTENT="depressed" WC="0.95" CC="000400000"/>
						<String ID="P183_ST00277" HPOS="997" VPOS="1865" WIDTH="4" HEIGHT="23" CONTENT=";" WC="1.00" CC="0"/>
						<SP ID="P183_SP00248" HPOS="1001" VPOS="1894" WIDTH="39"/>
						<String ID="P183_ST00278" HPOS="1040" VPOS="1852" WIDTH="75" HEIGHT="40" CONTENT="they" WC="1.00" CC="0000"/>
						<SP ID="P183_SP00249" HPOS="1115" VPOS="1894" WIDTH="32"/>
						<String ID="P183_ST00279" HPOS="1147" VPOS="1852" WIDTH="62" HEIGHT="29" CONTENT="had" WC="0.96" CC="100"/>
						<SP ID="P183_SP00250" HPOS="1209" VPOS="1894" WIDTH="32"/>
						<String ID="P183_ST00280" HPOS="1241" VPOS="1863" WIDTH="40" HEIGHT="18" CONTENT="no" WC="1.00" CC="00"/>
						<SP ID="P183_SP00251" HPOS="1281" VPOS="1894" WIDTH="32"/>
						<String ID="P183_ST00281" HPOS="1313" VPOS="1852" WIDTH="70" HEIGHT="29" CONTENT="idea" WC="0.83" CC="6000"/>
					</TextLine>
					<TextLine ID="P183_TL00029" HPOS="144" VPOS="1916" WIDTH="1239" HEIGHT="42">
						<String ID="P183_ST00282" HPOS="144" VPOS="1918" WIDTH="36" HEIGHT="30" CONTENT="of" WC="0.68" CC="60"/>
						<SP ID="P183_SP00252" HPOS="180" VPOS="1948" WIDTH="27"/>
						<String ID="P183_ST00283" HPOS="207" VPOS="1917" WIDTH="133" HEIGHT="41" CONTENT="bearing" WC="0.94" CC="0000400"/>
						<SP ID="P183_SP00253" HPOS="340" VPOS="1958" WIDTH="31"/>
						<String ID="P183_ST00284" HPOS="371" VPOS="1928" WIDTH="41" HEIGHT="28" CONTENT="up" WC="0.77" CC="40"/>
						<SP ID="P183_SP00254" HPOS="412" VPOS="1958" WIDTH="31"/>
						<String ID="P183_ST00285" HPOS="443" VPOS="1917" WIDTH="123" HEIGHT="41" CONTENT="against" WC="0.93" CC="0004000"/>
						<SP ID="P183_SP00255" HPOS="566" VPOS="1958" WIDTH="38"/>
						<String ID="P183_ST00286" HPOS="604" VPOS="1916" WIDTH="141" HEIGHT="31" CONTENT="external" WC="0.90" CC="00005002"/>
						<SP ID="P183_SP00256" HPOS="745" VPOS="1958" WIDTH="42"/>
						<String ID="P183_ST00287" HPOS="787" VPOS="1916" WIDTH="177" HEIGHT="36" CONTENT="influences," WC="0.92" CC="50000001002"/>
						<SP ID="P183_SP00257" HPOS="964" VPOS="1958" WIDTH="35"/>
						<String ID="P183_ST00288" HPOS="999" VPOS="1916" WIDTH="62" HEIGHT="30" CONTENT="and" WC="0.86" CC="040"/>
						<SP ID="P183_SP00258" HPOS="1061" VPOS="1958" WIDTH="41"/>
						<String ID="P183_ST00289" HPOS="1102" VPOS="1916" WIDTH="52" HEIGHT="30" CONTENT="the" WC="0.64" CC="360"/>
						<SP ID="P183_SP00259" HPOS="1154" VPOS="1958" WIDTH="39"/>
						<String ID="P183_ST00290" HPOS="1193" VPOS="1923" WIDTH="88" HEIGHT="23" CONTENT="route" WC="0.87" CC="40010"/>
						<SP ID="P183_SP00260" HPOS="1281" VPOS="1958" WIDTH="38"/>
						<String ID="P183_ST00291" HPOS="1319" VPOS="1926" WIDTH="64" HEIGHT="19" CONTENT="was" WC="1.00" CC="000"/>
					</TextLine>
					<TextLine ID="P183_TL00030" HPOS="143" VPOS="1980" WIDTH="1240" HEIGHT="41">
						<String ID="P183_ST00292" HPOS="143" VPOS="1981" WIDTH="150" HEIGHT="31" CONTENT="resumed" WC="0.82" CC="9000030"/>
						<SP ID="P183_SP00261" HPOS="293" VPOS="2012" WIDTH="33"/>
						<String ID="P183_ST00293" HPOS="326" VPOS="1981" WIDTH="30" HEIGHT="28" CONTENT="in" WC="0.70" CC="05"/>
						<SP ID="P183_SP00262" HPOS="356" VPOS="2012" WIDTH="31"/>
						<String ID="P183_ST00294" HPOS="387" VPOS="1980" WIDTH="124" HEIGHT="30" CONTENT="silence." WC="0.94" CC="04000000"/>
						<SP ID="P183_SP00263" HPOS="511" VPOS="2012" WIDTH="49"/>
						<String ID="P183_ST00295" HPOS="560" VPOS="1981" WIDTH="93" HEIGHT="29" CONTENT="After" WC="0.74" CC="07023"/>
						<SP ID="P183_SP00264" HPOS="653" VPOS="2012" WIDTH="24"/>
						<String ID="P183_ST00296" HPOS="677" VPOS="1981" WIDTH="193" HEIGHT="40" CONTENT="proceeding" WC="0.99" CC="0100000000"/>
						<SP ID="P183_SP00265" HPOS="870" VPOS="2021" WIDTH="27"/>
						<String ID="P183_ST00297" HPOS="897" VPOS="1992" WIDTH="19" HEIGHT="17" CONTENT="a" WC="1.00" CC="0"/>
						<SP ID="P183_SP00266" HPOS="916" VPOS="2021" WIDTH="27"/>
						<String ID="P183_ST00298" HPOS="943" VPOS="1980" WIDTH="87" HEIGHT="30" CONTENT="short" WC="0.89" CC="00040"/>
						<SP ID="P183_SP00267" HPOS="1030" VPOS="2021" WIDTH="26"/>
						<String ID="P183_ST00299" HPOS="1056" VPOS="1980" WIDTH="141" HEIGHT="29" CONTENT="distance" WC="0.76" CC="07060500"/>
						<SP ID="P183_SP00268" HPOS="1197" VPOS="2021" WIDTH="24"/>
						<String ID="P183_ST00300" HPOS="1221" VPOS="1991" WIDTH="46" HEIGHT="18" CONTENT="we" WC="1.00" CC="00"/>
						<SP ID="P183_SP00269" HPOS="1267" VPOS="2021" WIDTH="28"/>
						<String ID="P183_ST00301" HPOS="1295" VPOS="1991" WIDTH="88" HEIGHT="18" CONTENT="came" WC="1.00" CC="0000"/>
					</TextLine>
					<TextLine ID="P183_TL00031" HPOS="142" VPOS="2043" WIDTH="1241" HEIGHT="42">
						<String ID="P183_ST00302" HPOS="142" VPOS="2054" WIDTH="36" HEIGHT="22" CONTENT="to" WC="0.37" CC="83"/>
						<SP ID="P183_SP00270" HPOS="178" VPOS="2076" WIDTH="24"/>
						<String ID="P183_ST00303" HPOS="202" VPOS="2057" WIDTH="17" HEIGHT="17" CONTENT="a" WC="1.00" CC="0"/>
						<SP ID="P183_SP00271" HPOS="219" VPOS="2076" WIDTH="24"/>
						<String ID="P183_ST00304" HPOS="243" VPOS="2052" WIDTH="117" HEIGHT="22" CONTENT="stream" WC="0.92" CC="050000"/>
						<SP ID="P183_SP00272" HPOS="360" VPOS="2076" WIDTH="25"/>
						<String ID="P183_ST00305" HPOS="385" VPOS="2044" WIDTH="137" HEIGHT="41" CONTENT="running" WC="0.82" CC="0002440"/>
						<SP ID="P183_SP00273" HPOS="522" VPOS="2085" WIDTH="24"/>
						<String ID="P183_ST00306" HPOS="546" VPOS="2044" WIDTH="65" HEIGHT="30" CONTENT="into" WC="0.81" CC="0510"/>
						<SP ID="P183_SP00274" HPOS="611" VPOS="2085" WIDTH="24"/>
						<String ID="P183_ST00307" HPOS="635" VPOS="2056" WIDTH="17" HEIGHT="18" CONTENT="a" WC="0.08" CC="9"/>
						<SP ID="P183_SP00275" HPOS="652" VPOS="2085" WIDTH="24"/>
						<String ID="P183_ST00308" HPOS="676" VPOS="2043" WIDTH="80" HEIGHT="41" CONTENT="pool," WC="0.96" CC="00010"/>
						<SP ID="P183_SP00276" HPOS="756" VPOS="2085" WIDTH="28"/>
						<String ID="P183_ST00309" HPOS="784" VPOS="2044" WIDTH="106" HEIGHT="30" CONTENT="whose" WC="1.00" CC="00000"/>
						<SP ID="P183_SP00277" HPOS="890" VPOS="2085" WIDTH="24"/>
						<String ID="P183_ST00310" HPOS="914" VPOS="2044" WIDTH="57" HEIGHT="30" CONTENT="rim" WC="0.77" CC="060"/>
						<SP ID="P183_SP00278" HPOS="971" VPOS="2085" WIDTH="29"/>
						<String ID="P183_ST00311" HPOS="1000" VPOS="2043" WIDTH="106" HEIGHT="41" CONTENT="lipped" WC="0.99" CC="000000"/>
						<SP ID="P183_SP00279" HPOS="1106" VPOS="2085" WIDTH="27"/>
						<String ID="P183_ST00312" HPOS="1133" VPOS="2043" WIDTH="53" HEIGHT="31" CONTENT="the" WC="1.00" CC="000"/>
						<SP ID="P183_SP00280" HPOS="1186" VPOS="2085" WIDTH="27"/>
						<String ID="P183_ST00313" HPOS="1213" VPOS="2043" WIDTH="76" HEIGHT="30" CONTENT="base" WC="1.00" CC="0000"/>
						<SP ID="P183_SP00281" HPOS="1289" VPOS="2085" WIDTH="23"/>
						<String ID="P183_ST00314" HPOS="1312" VPOS="2043" WIDTH="35" HEIGHT="30" CONTENT="of" WC="0.86" CC="20"/>
						<SP ID="P183_SP00282" HPOS="1347" VPOS="2085" WIDTH="20"/>
						<String ID="P183_ST00315" HPOS="1367" VPOS="2054" WIDTH="16" HEIGHT="19" CONTENT="a" WC="1.00" CC="0"/>
					</TextLine>
					<TextLine ID="P183_TL00032" HPOS="141" VPOS="2108" WIDTH="1242" HEIGHT="39">
						<String ID="P183_ST00316" HPOS="141" VPOS="2110" WIDTH="73" HEIGHT="30" CONTENT="cliff." WC="0.57" CC="704750"/>
						<SP ID="P183_SP00283" HPOS="214" VPOS="2140" WIDTH="51"/>
						<String ID="P183_ST00317" HPOS="265" VPOS="2108" WIDTH="131" HEIGHT="39" CONTENT="Taking" WC="0.91" CC="014000"/>
						<SP ID="P183_SP00284" HPOS="396" VPOS="2147" WIDTH="31"/>
						<String ID="P183_ST00318" HPOS="427" VPOS="2108" WIDTH="22" HEIGHT="28" CONTENT="it" WC="1.00" CC="00"/>
						<SP ID="P183_SP00285" HPOS="449" VPOS="2147" WIDTH="30"/>
						<String ID="P183_ST00319" HPOS="479" VPOS="2119" WIDTH="34" HEIGHT="18" CONTENT="as" WC="0.98" CC="00"/>
						<SP ID="P183_SP00286" HPOS="513" VPOS="2147" WIDTH="31"/>
						<String ID="P183_ST00320" HPOS="544" VPOS="2119" WIDTH="17" HEIGHT="18" CONTENT="a" WC="1.00" CC="0"/>
						<SP ID="P183_SP00287" HPOS="561" VPOS="2147" WIDTH="31"/>
						<String ID="P183_ST00321" HPOS="592" VPOS="2108" WIDTH="103" HEIGHT="39" CONTENT="guide," WC="0.80" CC="056000"/>
						<SP ID="P183_SP00288" HPOS="695" VPOS="2147" WIDTH="34"/>
						<String ID="P183_ST00322" HPOS="729" VPOS="2119" WIDTH="47" HEIGHT="19" CONTENT="we" WC="1.00" CC="00"/>
						<SP ID="P183_SP00289" HPOS="776" VPOS="2147" WIDTH="31"/>
						<String ID="P183_ST00323" HPOS="807" VPOS="2108" WIDTH="112" HEIGHT="30" CONTENT="turned" WC="0.95" CC="020000"/>
						<SP ID="P183_SP00290" HPOS="919" VPOS="2147" WIDTH="31"/>
						<String ID="P183_ST00324" HPOS="950" VPOS="2108" WIDTH="95" HEIGHT="36" CONTENT="aside," WC="0.76" CC="505003"/>
						<SP ID="P183_SP00291" HPOS="1045" VPOS="2147" WIDTH="36"/>
						<String ID="P183_ST00325" HPOS="1081" VPOS="2108" WIDTH="62" HEIGHT="30" CONTENT="and" WC="0.81" CC="050"/>
						<SP ID="P183_SP00292" HPOS="1143" VPOS="2147" WIDTH="31"/>
						<String ID="P183_ST00326" HPOS="1174" VPOS="2108" WIDTH="80" HEIGHT="29" CONTENT="after" WC="0.67" CC="83300"/>
						<SP ID="P183_SP00293" HPOS="1254" VPOS="2147" WIDTH="26"/>
						<String ID="P183_ST00327" HPOS="1280" VPOS="2119" WIDTH="18" HEIGHT="18" CONTENT="a" WC="1.00" CC="0"/>
						<SP ID="P183_SP00294" HPOS="1298" VPOS="2147" WIDTH="27"/>
						<String ID="P183_ST00328" HPOS="1325" VPOS="2108" WIDTH="58" HEIGHT="29" CONTENT="few" WC="0.85" CC="400"/>
					</TextLine>
				</TextBlock>
			</PrintSpace>
		</Page>
	</Layout>
</alto>
