<?xml version="1.0" encoding="UTF-8"?>
<alto xmlns:xsi="http://www.w3.org/2001/XMLSchema-instance" xsi:noNamespaceSchemaLocation="http://www.bl.uk/schemas/alto/alto-1-4.xsd" xmlns:xlink="http://www.w3.org/1999/xlink">
	<Description>
		<MeasurementUnit>mm10</MeasurementUnit>
		<sourceImageInformation>
			<fileName>//head1/IN/2008-10/A0011321378/004413.jp2</fileName>
		</sourceImageInformation>
		<OCRProcessing ID="OCRPROCESSING_1">
			<preProcessingStep>
				<processingSoftware>
					<softwareCreator>CCS Content Conversion Specialists GmbH, Germany</softwareCreator>
					<softwareName>CCS docWORKS</softwareName>
					<softwareVersion>6.1-0.67</softwareVersion>
				</processingSoftware>
			</preProcessingStep>
			<ocrProcessingStep>
				<processingSoftware>
					<softwareCreator>ABBYY (BIT Software), Russia</softwareCreator>
					<softwareName>Finereader</softwareName>
				</processingSoftware>
			</ocrProcessingStep>
		</OCRProcessing>
	</Description>
	<Styles>
		<TextStyle ID="TXT_0" FONTSIZE="10" FONTFAMILY="Courier New"/>
		<ParagraphStyle ID="PAR_LEFT" ALIGN="Left"/>
		<ParagraphStyle ID="PAR_CENTER" ALIGN="Center"/>
	</Styles>
	<Layout>
		<Page ID="P99" PHYSICAL_IMG_NR="99" HEIGHT="2357" WIDTH="1617" PRINTED_IMG_NR="83" POSITION="Right" ACCURACY="89.89">
			<TopMargin ID="P99_TM00001" HPOS="0" VPOS="0" WIDTH="1617" HEIGHT="110"/>
			<LeftMargin ID="P99_LM00001" HPOS="0" VPOS="110" WIDTH="105" HEIGHT="2043"/>
			<RightMargin ID="P99_RM00001" HPOS="1349" VPOS="110" WIDTH="268" HEIGHT="2043"/>
			<BottomMargin ID="P99_BM00001" HPOS="0" VPOS="2153" WIDTH="1617" HEIGHT="204">
				<TextBlock ID="P99_TB00001" HPOS="719" VPOS="2154" WIDTH="39" HEIGHT="38" STYLEREFS="TXT_0 PAR_LEFT">
					<TextLine ID="P99_TL00001" HPOS="719" VPOS="2154" WIDTH="39" HEIGHT="38">
						<String ID="P99_ST00001" HPOS="719" VPOS="2154" WIDTH="39" HEIGHT="38" CONTENT="83" WC="1.00" CC="00"/>
					</TextLine>
				</TextBlock>
			</BottomMargin>
			<PrintSpace ID="P99_PS00001" HPOS="105" VPOS="110" WIDTH="1244" HEIGHT="2043">
				<TextBlock ID="P99_TB00002" HPOS="371" VPOS="110" WIDTH="708" HEIGHT="30" STYLEREFS="TXT_0 PAR_CENTER">
					<TextLine ID="P99_TL00002" HPOS="372" VPOS="110" WIDTH="707" HEIGHT="30">
						<String ID="P99_ST00002" HPOS="372" VPOS="111" WIDTH="132" HEIGHT="29" CONTENT="FROM" WC="1.00" CC="0000"/>
						<SP ID="P99_SP00001" HPOS="504" VPOS="140" WIDTH="29"/>
						<String ID="P99_ST00003" HPOS="533" VPOS="110" WIDTH="235" HEIGHT="30" CONTENT="MONGTSE" WC="0.98" CC="0000100"/>
						<SP ID="P99_SP00002" HPOS="768" VPOS="140" WIDTH="28"/>
						<String ID="P99_ST00004" HPOS="796" VPOS="110" WIDTH="62" HEIGHT="30" CONTENT="TO" WC="0.93" CC="10"/>
						<SP ID="P99_SP00003" HPOS="858" VPOS="140" WIDTH="27"/>
						<String ID="P99_ST00005" HPOS="885" VPOS="110" WIDTH="194" HEIGHT="30" CONTENT="SSUMAO" WC="0.97" CC="000001"/>
					</TextLine>
				</TextBlock>
				<TextBlock ID="P99_TB00003" HPOS="105" VPOS="217" WIDTH="1244" HEIGHT="290" STYLEREFS="TXT_0 PAR_LEFT">
					<TextLine ID="P99_TL00003" HPOS="106" VPOS="217" WIDTH="1243" HEIGHT="43">
						<String ID="P99_ST00006" HPOS="106" VPOS="217" WIDTH="55" HEIGHT="31" CONTENT="the" WC="1.00" CC="000"/>
						<SP ID="P99_SP00004" HPOS="161" VPOS="248" WIDTH="20"/>
						<String ID="P99_ST00007" HPOS="181" VPOS="218" WIDTH="204" HEIGHT="30" CONTENT="accustomed" WC="0.95" CC="1004000000"/>
						<SP ID="P99_SP00005" HPOS="385" VPOS="248" WIDTH="30"/>
						<String ID="P99_ST00008" HPOS="415" VPOS="218" WIDTH="188" HEIGHT="42" CONTENT="graveyard," WC="0.97" CC="0000000002"/>
						<SP ID="P99_SP00006" HPOS="603" VPOS="260" WIDTH="30"/>
						<String ID="P99_ST00009" HPOS="633" VPOS="218" WIDTH="75" HEIGHT="30" CONTENT="with" WC="0.67" CC="3450"/>
						<SP ID="P99_SP00007" HPOS="708" VPOS="260" WIDTH="25"/>
						<String ID="P99_ST00010" HPOS="733" VPOS="217" WIDTH="79" HEIGHT="31" CONTENT="little" WC="0.89" CC="000400"/>
						<SP ID="P99_SP00008" HPOS="812" VPOS="260" WIDTH="29"/>
						<String ID="P99_ST00011" HPOS="841" VPOS="218" WIDTH="135" HEIGHT="31" CONTENT="mounds" WC="0.72" CC="605400"/>
						<SP ID="P99_SP00009" HPOS="976" VPOS="260" WIDTH="28"/>
						<String ID="P99_ST00012" HPOS="1004" VPOS="218" WIDTH="62" HEIGHT="31" CONTENT="like" WC="0.74" CC="6030"/>
						<SP ID="P99_SP00010" HPOS="1066" VPOS="260" WIDTH="29"/>
						<String ID="P99_ST00013" HPOS="1095" VPOS="217" WIDTH="161" HEIGHT="37" CONTENT="molehills," WC="0.92" CC="0000034000"/>
						<SP ID="P99_SP00011" HPOS="1256" VPOS="260" WIDTH="31"/>
						<String ID="P99_ST00014" HPOS="1287" VPOS="219" WIDTH="62" HEIGHT="30" CONTENT="and" WC="1.00" CC="000"/>
					</TextLine>
					<TextLine ID="P99_TL00004" HPOS="107" VPOS="282" WIDTH="1242" HEIGHT="42">
						<String ID="P99_ST00015" HPOS="107" VPOS="282" WIDTH="77" HEIGHT="31" CONTENT="here" WC="0.76" CC="0360"/>
						<SP ID="P99_SP00012" HPOS="184" VPOS="313" WIDTH="27"/>
						<String ID="P99_ST00016" HPOS="211" VPOS="283" WIDTH="61" HEIGHT="30" CONTENT="and" WC="0.96" CC="010"/>
						<SP ID="P99_SP00013" HPOS="272" VPOS="313" WIDTH="33"/>
						<String ID="P99_ST00017" HPOS="305" VPOS="283" WIDTH="89" HEIGHT="30" CONTENT="there" WC="0.93" CC="00300"/>
						<SP ID="P99_SP00014" HPOS="394" VPOS="313" WIDTH="27"/>
						<String ID="P99_ST00018" HPOS="421" VPOS="294" WIDTH="18" HEIGHT="19" CONTENT="a" WC="1.00" CC="0"/>
						<SP ID="P99_SP00015" HPOS="439" VPOS="313" WIDTH="31"/>
						<String ID="P99_ST00019" HPOS="470" VPOS="282" WIDTH="102" HEIGHT="42" CONTENT="single" WC="0.85" CC="040030"/>
						<SP ID="P99_SP00016" HPOS="572" VPOS="324" WIDTH="27"/>
						<String ID="P99_ST00020" HPOS="599" VPOS="282" WIDTH="126" HEIGHT="31" CONTENT="column" WC="0.85" CC="004004"/>
						<SP ID="P99_SP00017" HPOS="725" VPOS="324" WIDTH="16"/>
						<String ID="P99_ST00021" HPOS="741" VPOS="295" WIDTH="4" HEIGHT="22" CONTENT=";" WC="1.00" CC="0"/>
						<SP ID="P99_SP00018" HPOS="745" VPOS="324" WIDTH="25"/>
						<String ID="P99_ST00022" HPOS="770" VPOS="291" WIDTH="61" HEIGHT="27" CONTENT="not," WC="0.98" CC="0000"/>
						<SP ID="P99_SP00019" HPOS="831" VPOS="324" WIDTH="31"/>
						<String ID="P99_ST00023" HPOS="862" VPOS="294" WIDTH="34" HEIGHT="19" CONTENT="as" WC="1.00" CC="00"/>
						<SP ID="P99_SP00020" HPOS="896" VPOS="324" WIDTH="28"/>
						<String ID="P99_ST00024" HPOS="924" VPOS="283" WIDTH="31" HEIGHT="30" CONTENT="in" WC="0.61" CC="25"/>
						<SP ID="P99_SP00021" HPOS="955" VPOS="324" WIDTH="29"/>
						<String ID="P99_ST00025" HPOS="984" VPOS="283" WIDTH="53" HEIGHT="31" CONTENT="the" WC="0.84" CC="400"/>
						<SP ID="P99_SP00022" HPOS="1037" VPOS="324" WIDTH="30"/>
						<String ID="P99_ST00026" HPOS="1067" VPOS="283" WIDTH="119" HEIGHT="40" CONTENT="capital," WC="0.92" CC="00000060"/>
						<SP ID="P99_SP00023" HPOS="1186" VPOS="324" WIDTH="27"/>
						<String ID="P99_ST00027" HPOS="1213" VPOS="294" WIDTH="18" HEIGHT="19" CONTENT="a" WC="1.00" CC="0"/>
						<SP ID="P99_SP00024" HPOS="1231" VPOS="324" WIDTH="24"/>
						<String ID="P99_ST00028" HPOS="1255" VPOS="283" WIDTH="94" HEIGHT="31" CONTENT="forest" WC="0.96" CC="002000"/>
					</TextLine>
					<TextLine ID="P99_TL00005" HPOS="108" VPOS="347" WIDTH="1241" HEIGHT="42">
						<String ID="P99_ST00029" HPOS="108" VPOS="347" WIDTH="36" HEIGHT="30" CONTENT="of" WC="0.89" CC="02"/>
						<SP ID="P99_SP00025" HPOS="144" VPOS="377" WIDTH="29"/>
						<String ID="P99_ST00030" HPOS="173" VPOS="348" WIDTH="127" HEIGHT="40" CONTENT="upright" WC="0.77" CC="5000900"/>
						<SP ID="P99_SP00026" HPOS="300" VPOS="388" WIDTH="28"/>
						<String ID="P99_ST00031" HPOS="328" VPOS="354" WIDTH="117" HEIGHT="23" CONTENT="stones." WC="0.95" CC="0002000"/>
						<SP ID="P99_SP00027" HPOS="445" VPOS="388" WIDTH="50"/>
						<String ID="P99_ST00032" HPOS="495" VPOS="348" WIDTH="63" HEIGHT="30" CONTENT="We" WC="1.00" CC="00"/>
						<SP ID="P99_SP00028" HPOS="558" VPOS="388" WIDTH="27"/>
						<String ID="P99_ST00033" HPOS="585" VPOS="348" WIDTH="147" HEIGHT="30" CONTENT="followed" WC="0.92" CC="01010020"/>
						<SP ID="P99_SP00029" HPOS="732" VPOS="388" WIDTH="28"/>
						<String ID="P99_ST00034" HPOS="760" VPOS="359" WIDTH="17" HEIGHT="19" CONTENT="a" WC="1.00" CC="0"/>
						<SP ID="P99_SP00030" HPOS="777" VPOS="388" WIDTH="25"/>
						<String ID="P99_ST00035" HPOS="802" VPOS="348" WIDTH="75" HEIGHT="40" CONTENT="path" WC="0.93" CC="0002"/>
						<SP ID="P99_SP00031" HPOS="877" VPOS="388" WIDTH="32"/>
						<String ID="P99_ST00036" HPOS="909" VPOS="348" WIDTH="137" HEIGHT="41" CONTENT="through" WC="0.91" CC="0131000"/>
						<SP ID="P99_SP00032" HPOS="1046" VPOS="389" WIDTH="26"/>
						<String ID="P99_ST00037" HPOS="1072" VPOS="348" WIDTH="80" HEIGHT="30" CONTENT="level" WC="0.84" CC="04002"/>
						<SP ID="P99_SP00033" HPOS="1152" VPOS="389" WIDTH="32"/>
						<String ID="P99_ST00038" HPOS="1184" VPOS="348" WIDTH="165" HEIGHT="30" CONTENT="rice-fields" WC="0.95" CC="00000000400"/>
					</TextLine>
					<TextLine ID="P99_TL00006" HPOS="110" VPOS="412" WIDTH="1239" HEIGHT="41">
						<String ID="P99_ST00039" HPOS="110" VPOS="413" WIDTH="63" HEIGHT="29" CONTENT="and" WC="0.93" CC="010"/>
						<SP ID="P99_SP00034" HPOS="173" VPOS="442" WIDTH="23"/>
						<String ID="P99_ST00040" HPOS="196" VPOS="423" WIDTH="124" HEIGHT="20" CONTENT="narrow" WC="0.81" CC="640000"/>
						<SP ID="P99_SP00035" HPOS="320" VPOS="443" WIDTH="25"/>
						<String ID="P99_ST00041" HPOS="345" VPOS="413" WIDTH="100" HEIGHT="35" CONTENT="dikes," WC="0.89" CC="030002"/>
						<SP ID="P99_SP00036" HPOS="445" VPOS="448" WIDTH="30"/>
						<String ID="P99_ST00042" HPOS="475" VPOS="412" WIDTH="63" HEIGHT="30" CONTENT="and" WC="0.89" CC="300"/>
						<SP ID="P99_SP00037" HPOS="538" VPOS="448" WIDTH="26"/>
						<String ID="P99_ST00043" HPOS="564" VPOS="412" WIDTH="161" HEIGHT="41" CONTENT="presently" WC="0.91" CC="020000040"/>
						<SP ID="P99_SP00038" HPOS="725" VPOS="453" WIDTH="26"/>
						<String ID="P99_ST00044" HPOS="751" VPOS="413" WIDTH="124" HEIGHT="30" CONTENT="arrived" WC="0.85" CC="0405000"/>
						<SP ID="P99_SP00039" HPOS="875" VPOS="453" WIDTH="26"/>
						<String ID="P99_ST00045" HPOS="901" VPOS="420" WIDTH="31" HEIGHT="23" CONTENT="at" WC="1.00" CC="00"/>
						<SP ID="P99_SP00040" HPOS="932" VPOS="453" WIDTH="25"/>
						<String ID="P99_ST00046" HPOS="957" VPOS="424" WIDTH="57" HEIGHT="19" CONTENT="our" WC="0.82" CC="005"/>
						<SP ID="P99_SP00041" HPOS="1014" VPOS="453" WIDTH="26"/>
						<String ID="P99_ST00047" HPOS="1040" VPOS="413" WIDTH="176" HEIGHT="30" CONTENT="rest-house" WC="0.98" CC="0000001000"/>
						<SP ID="P99_SP00042" HPOS="1216" VPOS="453" WIDTH="24"/>
						<String ID="P99_ST00048" HPOS="1240" VPOS="413" WIDTH="30" HEIGHT="29" CONTENT="in" WC="0.62" CC="52"/>
						<SP ID="P99_SP00043" HPOS="1270" VPOS="453" WIDTH="27"/>
						<String ID="P99_ST00049" HPOS="1297" VPOS="412" WIDTH="52" HEIGHT="30" CONTENT="the" WC="0.82" CC="500"/>
					</TextLine>
					<TextLine ID="P99_TL00007" HPOS="110" VPOS="477" WIDTH="145" HEIGHT="30">
						<String ID="P99_ST00050" HPOS="110" VPOS="477" WIDTH="145" HEIGHT="30" CONTENT="suburbs." WC="0.90" CC="02005000"/>
					</TextLine>
				</TextBlock>
			</PrintSpace>
		</Page>
	</Layout>
</alto>
